Command: ninja all
[1/9] Performing build step for 'bootloader'
[1/1] C:\WINDOWS\system32\cmd.exe /C "cd /D D:\skapelser\flowophone\esp32\i2s_std\build\bootloader\esp-idf\esptool_py && D:\Espressif\python_env\idf5.5_py3.11_env\Scripts\python.exe D:/Espressif/frameworks/esp-idf-v5.5-2/components/partition_table/check_sizes.py --offset 0x8000 bootloader 0x0 D:/skapelser/flowophone/esp32/i2s_std/build/bootloader/bootloader.bin"
Bootloader binary size 0x56a0 bytes. 0x2960 bytes (32%) free.
[2/9] No install step for 'bootloader'
[3/9] Completed 'bootloader'
[4/9] Building C object esp-idf/main/CMakeFiles/__idf_main.dir/i2s_std_example_main.c.obj
FAILED: esp-idf/main/CMakeFiles/__idf_main.dir/i2s_std_example_main.c.obj 
ccache D:\Espressif\tools\riscv32-esp-elf\esp-14.2.0_20251107\riscv32-esp-elf\bin\riscv32-esp-elf-gcc.exe -DESP_PLATFORM -DIDF_VER=\"v5.5.2-729-g87912cd291\" -DSOC_MMU_PAGE_SIZE=CONFIG_MMU_PAGE_SIZE -DSOC_XTAL_FREQ_MHZ=CONFIG_XTAL_FREQ -D_GLIBCXX_HAVE_POSIX_SEMAPHORE -D_GLIBCXX_USE_POSIX_SEMAPHORE -D_GNU_SOURCE -D_POSIX_READER_WRITER_LOCKS -ID:/skapelser/flowophone/esp32/i2s_std/build/config -ID:/skapelser/flowophone/esp32/i2s_std/main -ID:/Espressif/frameworks/esp-idf-v5.5-2/components/newlib/platform_include -ID:/Espressif/frameworks/esp-idf-v5.5-2/components/freertos/config/include -ID:/Espressif/frameworks/esp-idf-v5.5-2/components/freertos/config/include/freertos -ID:/Espressif/frameworks/esp-idf-v5.5-2/components/freertos/config/riscv/include -ID:/Espressif/frameworks/esp-idf-v5.5-2/components/freertos/FreeRTOS-Kernel/include -ID:/Espressif/frameworks/esp-idf-v5.5-2/components/freertos/FreeRTOS-Kernel/portable/riscv/include -ID:/Espressif/frameworks/esp-idf-v5.5-2/components/freertos/FreeRTOS-Kernel/portable/riscv/include/freertos -ID:/Espressif/frameworks/esp-idf-v5.5-2/components/freertos/esp_additions/include -ID:/Espressif/frameworks/esp-idf-v5.5-2/components/esp_hw_support/include -ID:/Espressif/frameworks/esp-idf-v5.5-2/components/esp_hw_support/include/soc -ID:/Espressif/frameworks/esp-idf-v5.5-2/components/esp_hw_support/include/soc/esp32h2 -ID:/Espressif/frameworks/esp-idf-v5.5-2/components/esp_hw_support/dma/include -ID:/Espressif/frameworks/esp-idf-v5.5-2/components/esp_hw_support/ldo/include -ID:/Espressif/frameworks/esp-idf-v5.5-2/components/esp_hw_support/debug_probe/include -ID:/Espressif/frameworks/esp-idf-v5.5-2/components/esp_hw_support/mspi_timing_tuning/include -ID:/Espressif/frameworks/esp-idf-v5.5-2/components/esp_hw_support/mspi_timing_tuning/tuning_scheme_impl/include -ID:/Espressif/frameworks/esp-idf-v5.5-2/components/esp_hw_support/power_supply/include -ID:/Espressif/frameworks/esp-idf-v5.5-2/components/esp_hw_support/port/esp32h2/. -ID:/Espressif/frameworks/esp-idf-v5.5-2/components/esp_hw_support/port/esp32h2/include -ID:/Espressif/frameworks/esp-idf-v5.5-2/components/esp_hw_support/port/esp32h2/private_include -ID:/Espressif/frameworks/esp-idf-v5.5-2/components/heap/include -ID:/Espressif/frameworks/esp-idf-v5.5-2/components/heap/tlsf -ID:/Espressif/frameworks/esp-idf-v5.5-2/components/log/include -ID:/Espressif/frameworks/esp-idf-v5.5-2/components/soc/include -ID:/Espressif/frameworks/esp-idf-v5.5-2/components/soc/esp32h2 -ID:/Espressif/frameworks/esp-idf-v5.5-2/components/soc/esp32h2/include -ID:/Espressif/frameworks/esp-idf-v5.5-2/components/soc/esp32h2/register -ID:/Espressif/frameworks/esp-idf-v5.5-2/components/hal/platform_port/include -ID:/Espressif/frameworks/esp-idf-v5.5-2/components/hal/esp32h2/include -ID:/Espressif/frameworks/esp-idf-v5.5-2/components/hal/include -ID:/Espressif/frameworks/esp-idf-v5.5-2/components/esp_rom/include -ID:/Espressif/frameworks/esp-idf-v5.5-2/components/esp_rom/esp32h2/include -ID:/Espressif/frameworks/esp-idf-v5.5-2/components/esp_rom/esp32h2/include/esp32h2 -ID:/Espressif/frameworks/esp-idf-v5.5-2/components/esp_rom/esp32h2 -ID:/Espressif/frameworks/esp-idf-v5.5-2/components/esp_common/include -ID:/Espressif/frameworks/esp-idf-v5.5-2/components/esp_system/include -ID:/Espressif/frameworks/esp-idf-v5.5-2/components/esp_system/port/soc -ID:/Espressif/frameworks/esp-idf-v5.5-2/components/esp_system/port/include/riscv -ID:/Espressif/frameworks/esp-idf-v5.5-2/components/esp_system/port/include/private -ID:/Espressif/frameworks/esp-idf-v5.5-2/components/riscv/include -ID:/Espressif/frameworks/esp-idf-v5.5-2/components/esp_driver_i2s/include -ID:/Espressif/frameworks/esp-idf-v5.5-2/components/esp_driver_gpio/include -ID:/Espressif/frameworks/esp-idf-v5.5-2/components/esp_adc/include -ID:/Espressif/frameworks/esp-idf-v5.5-2/components/esp_adc/interface -ID:/Espressif/frameworks/esp-idf-v5.5-2/components/esp_adc/esp32h2/include -ID:/Espressif/frameworks/esp-idf-v5.5-2/components/esp_adc/deprecated/include -ID:/Espressif/frameworks/esp-idf-v5.5-2/examples/peripherals/i2s/i2s_examples_common -march=rv32imac_zicsr_zifencei  -fdiagnostics-color=always -ffunction-sections -fdata-sections -Wall -Werror=all -Wno-error=unused-function -Wno-error=unused-variable -Wno-error=unused-but-set-variable -Wno-error=deprecated-declarations -Wextra -Wno-error=extra -Wno-unused-parameter -Wno-sign-compare -Wno-enum-conversion -gdwarf-4 -ggdb -nostartfiles -Og -fno-shrink-wrap -fmacro-prefix-map=D:/skapelser/flowophone/esp32/i2s_std=. -fmacro-prefix-map=D:/Espressif/frameworks/esp-idf-v5.5-2=/IDF -fstrict-volatile-bitfields -fno-jump-tables -fno-tree-switch-conversion -std=gnu17 -Wno-old-style-declaration -MD -MT esp-idf/main/CMakeFiles/__idf_main.dir/i2s_std_example_main.c.obj -MF esp-idf\main\CMakeFiles\__idf_main.dir\i2s_std_example_main.c.obj.d -o esp-idf/main/CMakeFiles/__idf_main.dir/i2s_std_example_main.c.obj -c D:/skapelser/flowophone/esp32/i2s_std/main/i2s_std_example_main.c
D:/skapelser/flowophone/esp32/i2s_std/main/i2s_std_example_main.c:258: error: expected '}' at end of input
D:/skapelser/flowophone/esp32/i2s_std/main/i2s_std_example_main.c:257:29: note: to match this '{'
  257 | const int16_t sine65536[] = {0,1,3,4,6,7,9,10,12,14,15,17,18,20,21,23,25,26,28,29,31,32,34,36,37,39,40,42,43,45,47,48,50,51,53,54,56,58,59,61,62,64,65,67,69,70,72,73,75,76,78,80,81,83,84,86,87,89,91,92,94,95,97,98,100,102,103,105,106,108,109,111,113,114,116,117,119,120,122,124,125,127,128,130,131,133,135,136,138,139,141,142,144,146,147,149,150,152,153,155,157,158,160,161,163,164,166,168,169,171,172,174,175,177,179,180,182,183,185,186,188,190,191,193,194,196,197,199,201,202,204,205,207,208,210,212,213,215,216,218,219,221,223,224,226,227,229,230,232,234,235,237,238,240,241,243,245,246,248,249,251,252,254,256,257,259,260,262,263,265,267,268,270,271,273,274,276,278,279,281,282,284,285,287,288,290,292,293,295,296,298,299,301,303,304,306,307,309,310,312,314,315,317,318,320,321,323,325,326,328,329,331,332,334,336,337,339,340,342,343,345,347,348,350,351,353,354,356,358,359,361,362,364,365,367,369,370,372,373,375,376,378,380,381,383,384,386,387,389,391,392,394,395,397,398,400,402,403,405,406,408,409,411,413,414,416,417,419,420,422,424,425,427,428,430,431,433,435,436,438,439,441,442,444,446,447,449,450,452,453,455,457,458,460,461,463,464,466,468,469,471,472,474,475,477,478,480,482,483,485,486,488,489,491,493,494,496,497,499,500,502,504,505,507,508,510,511,513,515,516,518,519,521,522,524,526,527,529,530,532,533,535,537,538,540,541,543,544,546,548,549,551,552,554,555,557,559,560,562,563,565,566,568,570,571,573,574,576,577,579,581,582,584,585,587,588,590,592,593,595,596,598,599,601,603,604,606,607,609,610,612,614,615,617,618,620,621,623,624,626,628,629,631,632,634,635,637,639,640,642,643,645,646,648,650,651,653,654,656,657,659,661,662,664,665,667,668,670,672,673,675,676,678,679,681,683,684,686,687,689,690,692,694,695,697,698,700,701,703,705,706,708,709,711,712,714,716,717,719,720,722,723,725,726,728,730,731,733,734,736,737,739,741,742,744,745,747,748,750,752,753,755,756,758,759,761,763,764,766,767,769,770,772,774,775,777,778,780,781,783,785,786,788,789,791,792,794,796,797,799,800,802,803,805,807,808,810,811,813,814,816,817,819,821,822,824,825,827,828,830,832,833,835,836,838,839,841,843,844,846,847,849,850,852,854,855,857,858,860,861,863,865,866,868,869,871,872,874,876,877,879,880,882,883,885,887,888,890,891,893,894,896,897,899,901,902,904,905,907,908,910,912,913,915,916,918,919,921,923,924,926,927,929,930,932,934,935,937,938,940,941,943,945,946,948,949,951,952,954,956,957,959,960,962,963,965,966,968,970,971,973,974,976,977,979,981,982,984,985,987,988,990,992,993,995,996,998,999,1001,1003,1004,1006,1007,1009,1010,1012,1014,1015,1017,1018,1020,1021,1023,1024,1026,1028,1029,1031,1032,1034,1035,1037,1039,1040,1042,1043,1045,1046,1048,1050,1051,1053,1054,1056,1057,1059,1061,1062,1064,1065,1067,1068,1070,1072,1073,1075,1076,1078,1079,1081,1082,1084,1086,1087,1089,1090,1092,1093,1095,1097,1098,1100,1101,1103,1104,1106,1108,1109,1111,1112,1114,1115,1117,1119,1120,1122,1123,1125,1126,1128,1130,1131,1133,1134,1136,1137,1139,1140,1142,1144,1145,1147,1148,1150,1151,1153,1155,1156,1158,1159,1161,1162,1164,1166,1167,1169,1170,1172,1173,1175,1177,1178,1180,1181,1183,1184,1186,1187,1189,1191,1192,1194,1195,1197,1198,1200,1202,1203,1205,1206,1208,1209,1211,1213,1214,1216,1217,1219,1220,1222,1224,1225,1227,1228,1230,1231,1233,1234,1236,1238,1239,1241,1242,1244,1245,1247,1249,1250,1252,1253,1255,1256,1258,1260,1261,1263,1264,1266,1267,1269,1270,1272,1274,1275,1277,1278,1280,1281,1283,1285,1286,1288,1289,1291,1292,1294,1296,1297,1299,1300,1302,1303,1305,1307,1308,1310,1311,1313,1314,1316,1317,1319,1321,1322,1324,1325,1327,1328,1330,1332,1333,1335,1336,1338,1339,1341,1343,1344,1346,1347,1349,1350,1352,1353,1355,1357,1358,1360,1361,1363,1364,1366,1368,1369,1371,1372,1374,1375,1377,1379,1380,1382,1383,1385,1386,1388,1389,1391,1393,1394,1396,1397,1399,1400,1402,1404,1405,1407,1408,1410,1411,1413,1415,1416,1418,1419,1421,1422,1424,1425,1427,1429,1430,1432,1433,1435,1436,1438,1440,1441,1443,1444,1446,1447,1449,1450,1452,1454,1455,1457,1458,1460,1461,1463,1465,1466,1468,1469,1471,1472,1474,1476,1477,1479,1480,1482,1483,1485,1486,1488,1490,1491,1493,1494,1496,1497,1499,1501,1502,1504,1505,1507,1508,1510,1512,1513,1515,1516,1518,1519,1521,1522,1524,1526,1527,1529,1530,1532,1533,1535,1537,1538,1540,1541,1543,1544,1546,1547,1549,1551,1552,1554,1555,1557,1558,1560,1562,1563,1565,1566,1568,1569,1571,1572,1574,1576,1577,1579,1580,1582,1583,1585,1587,1588,1590,1591,1593,1594,1596,1597,1599,1601,1602,1604,1605,1607,1608,1610,1612,1613,1615,1616,1618,1619,1621,1623,1624,1626,1627,1629,1630,1632,1633,1635,1637,1638,1640,1641,1643,1644,1646,1648,1649,1651,1652,1654,1655,1657,1658,1660,1662,1663,1665,1666,1668,1669,1671,1673,1674,1676,1677,1679,1680,1682,1683,1685,1687,1688,1690,1691,1693,1694,1696,1698,1699,1701,1702,1704,1705,1707,1708,1710,1712,1713,1715,1716,1718,1719,1721,1723,1724,1726,1727,1729,1730,1732,1733,1735,1737,1738,1740,1741,1743,1744,1746,1747,1749,1751,1752,1754,1755,1757,1758,1760,1762,1763,1765,1766,1768,1769,1771,1772,1774,1776,1777,1779,1780,1782,1783,1785,1787,1788,1790,1791,1793,1794,1796,1797,1799,1801,1802,1804,1805,1807,1808,1810,1812,1813,1815,1816,1818,1819,1821,1822,1824,1826,1827,1829,1830,1832,1833,1835,1836,1838,1840,1841,1843,1844,1846,1847,1849,1851,1852,1854,1855,1857,1858,1860,1861,1863,1865,1866,1868,1869,1871,1872,1874,1876,1877,1879,1880,1882,1883,1885,1886,1888,1890,1891,1893,1894,1896,1897,1899,1900,1902,1904,1905,1907,1908,1910,1911,1913,1915,1916,1918,1919,1921,1922,1924,1925,1927,1929,1930,1932,1933,1935,1936,1938,1939,1941,1943,1944,1946,1947,1949,1950,1952,1954,1955,1957,1958,1960,1961,1963,1964,1966,1968,1969,1971,1972,1974,1975,1977,1978,1980,1982,1983,1985,1986,1988,1989,1991,1992,1994,1996,1997,1999,2000,2002,2003,2005,2007,2008,2010,2011,2013,2014,2016,2017,2019,2021,2022,2024,2025,2027,2028,2030,2031,2033,2035,2036,2038,2039,2041,2042,2044,2045,2047,2049,2050,2052,2053,2055,2056,2058,2060,2061,2063,2064,2066,2067,2069,2070,2072,2074,2075,2077,2078,2080,2081,2083,2084,2086,2088,2089,2091,2092,2094,2095,2097,2098,2100,2102,2103,2105,2106,2108,2109,2111,2112,2114,2116,2117,2119,2120,2122,2123,2125,2126,2128,2130,2131,2133,2134,2136,2137,2139,2141,2142,2144,2145,2147,2148,2150,2151,2153,2155,2156,2158,2159,2161,2162,2164,2165,2167,2169,2170,2172,2173,2175,2176,2178,2179,2181,2183,2184,2186,2187,2189,2190,2192,2193,2195,2197,2198,2200,2201,2203,2204,2206,2207,2209,2211,2212,2214,2215,2217,2218,2220,2221,2223,2225,2226,2228,2229,2231,2232,2234,2235,2237,2239,2240,2242,2243,2245,2246,2248,2249,2251,2253,2254,2256,2257,2259,2260,2262,2263,2265,2267,2268,2270,2271,2273,2274,2276,2277,2279,2281,2282,2284,2285,2287,2288,2290,2291,2293,2295,2296,2298,2299,2301,2302,2304,2305,2307,2309,2310,2312,2313,2315,2316,2318,2319,2321,2323,2324,2326,2327,2329,2330,2332,2333,2335,2337,2338,2340,2341,2343,2344,2346,2347,2349,2351,2352,2354,2355,2357,2358,2360,2361,2363,2365,2366,2368,2369,2371,2372,2374,2375,2377,2379,2380,2382,2383,2385,2386,2388,2389,2391,2393,2394,2396,2397,2399,2400,2402,2403,2405,2406,2408,2410,2411,2413,2414,2416,2417,2419,2420,2422,2424,2425,2427,2428,2430,2431,2433,2434,2436,2438,2439,2441,2442,2444,2445,2447,2448,2450,2452,2453,2455,2456,2458,2459,2461,2462,2464,2466,2467,2469,2470,2472,2473,2475,2476,2478,2479,2481,2483,2484,2486,2487,2489,2490,2492,2493,2495,2497,2498,2500,2501,2503,2504,2506,2507,2509,2511,2512,2514,2515,2517,2518,2520,2521,2523,2525,2526,2528,2529,2531,2532,2534,2535,2537,2538,2540,2542,2543,2545,2546,2548,2549,2551,2552,2554,2556,2557,2559,2560,2562,2563,2565,2566,2568,2570,2571,2573,2574,2576,2577,2579,2580,2582,2583,2585,2587,2588,2590,2591,2593,2594,2596,2597,2599,2601,2602,2604,2605,2607,2608,2610,2611,2613,2614,2616,2618,2619,2621,2622,2624,2625,2627,2628,2630,2632,2633,2635,2636,2638,2639,2641,2642,2644,2645,2647,2649,2650,2652,2653,2655,2656,2658,2659,2661,2663,2664,2666,2667,2669,2670,2672,2673,2675,2676,2678,2680,2681,2683,2684,2686,2687,2689,2690,2692,2694,2695,2697,2698,2700,2701,2703,2704,2706,2707,2709,2711,2712,2714,2715,2717,2718,2720,2721,2723,2725,2726,2728,2729,2731,2732,2734,2735,2737,2738,2740,2742,2743,2745,2746,2748,2749,2751,2752,2754,2755,2757,2759,2760,2762,2763,2765,2766,2768,2769,2771,2773,2774,2776,2777,2779,2780,2782,2783,2785,2786,2788,2790,2791,2793,2794,2796,2797,2799,2800,2802,2803,2805,2807,2808,2810,2811,2813,2814,2816,2817,2819,2820,2822,2824,2825,2827,2828,2830,2831,2833,2834,2836,2838,2839,2841,2842,2844,2845,2847,2848,2850,2851,2853,2855,2856,2858,2859,2861,2862,2864,2865,2867,2868,2870,2872,2873,2875,2876,2878,2879,2881,2882,2884,2885,2887,2889,2890,2892,2893,2895,2896,2898,2899,2901,2902,2904,2906,2907,2909,2910,2912,2913,2915,2916,2918,2919,2921,2923,2924,2926,2927,2929,2930,2932,2933,2935,2936,2938,2940,2941,2943,2944,2946,2947,2949,2950,2952,2953,2955,2957,2958,2960,2961,2963,2964,2966,2967,2969,2970,2972,2974,2975,2977,2978,2980,2981,2983,2984,2986,2987,2989,2991,2992,2994,2995,2997,2998,3000,3001,3003,3004,3006,3008,3009,3011,3012,3014,3015,3017,3018,3020,3021,3023,3024,3026,3028,3029,3031,3032,3034,3035,3037,3038,3040,3041,3043,3045,3046,3048,3049,3051,3052,3054,3055,3057,3058,3060,3062,3063,3065,3066,3068,3069,3071,3072,3074,3075,3077,3079,3080,3082,3083,3085,3086,3088,3089,3091,3092,3094,3095,3097,3099,3100,3102,3103,3105,3106,3108,3109,3111,3112,3114,3116,3117,3119,3120,3122,3123,3125,3126,3128,3129,3131,3132,3134,3136,3137,3139,3140,3142,3143,3145,3146,3148,3149,3151,3153,3154,3156,3157,3159,3160,3162,3163,3165,3166,3168,3169,3171,3173,3174,3176,3177,3179,3180,3182,3183,3185,3186,3188,3190,3191,3193,3194,3196,3197,3199,3200,3202,3203,3205,3206,3208,3210,3211,3213,3214,3216,3217,3219,3220,3222,3223,3225,3226,3228,3230,3231,3233,3234,3236,3237,3239,3240,3242,3243,3245,3246,3248,3250,3251,3253,3254,3256,3257,3259,3260,3262,3263,3265,3266,3268,3270,3271,3273,3274,3276,3277,3279,3280,3282,3283,3285,3287,3288,3290,3291,3293,3294,3296,3297,3299,3300,3302,3303,3305,3307,3308,3310,3311,3313,3314,3316,3317,3319,3320,3322,3323,3325,3327,3328,3330,3331,3333,3334,3336,3337,3339,3340,3342,3343,3345,3346,3348,3350,3351,3353,3354,3356,3357,3359,3360,3362,3363,3365,3366,3368,3370,3371,3373,3374,3376,3377,3379,3380,3382,3383,3385,3386,3388,3390,3391,3393,3394,3396,3397,3399,3400,3402,3403,3405,3406,3408,3410,3411,3413,3414,3416,3417,3419,3420,3422,3423,3425,3426,3428,3429,3431,3433,3434,3436,3437,3439,3440,3442,3443,3445,3446,3448,3449,3451,3453,3454,3456,3457,3459,3460,3462,3463,3465,3466,3468,3469,3471,3472,3474,3476,3477,3479,3480,3482,3483,3485,3486,3488,3489,3491,3492,3494,3495,3497,3499,3500,3502,3503,3505,3506,3508,3509,3511,3512,3514,3515,3517,3519,3520,3522,3523,3525,3526,3528,3529,3531,3532,3534,3535,3537,3538,3540,3542,3543,3545,3546,3548,3549,3551,3552,3554,3555,3557,3558,3560,3561,3563,3565,3566,3568,3569,3571,3572,3574,3575,3577,3578,3580,3581,3583,3584,3586,3588,3589,3591,3592,3594,3595,3597,3598,3600,3601,3603,3604,3606,3607,3609,3610,3612,3614,3615,3617,3618,3620,3621,3623,3624,3626,3627,3629,3630,3632,3633,3635,3637,3638,3640,3641,3643,3644,3646,3647,3649,3650,3652,3653,3655,3656,3658,3659,3661,3663,3664,3666,3667,3669,3670,3672,3673,3675,3676,3678,3679,3681,3682,3684,3686,3687,3689,3690,3692,3693,3695,3696,3698,3699,3701,3702,3704,3705,3707,3708,3710,3712,3713,3715,3716,3718,3719,3721,3722,3724,3725,3727,3728,3730,3731,3733,3734,3736,3738,3739,3741,3742,3744,3745,3747,3748,3750,3751,3753,3754,3756,3757,3759,3760,3762,3764,3765,3767,3768,3770,3771,3773,3774,3776,3777,3779,3780,3782,3783,3785,3786,3788,3790,3791,3793,3794,3796,3797,3799,3800,3802,3803,3805,3806,3808,3809,3811,3812,3814,3815,3817,3819,3820,3822,3823,3825,3826,3828,3829,3831,3832,3834,3835,3837,3838,3840,3841,3843,3844,3846,3848,3849,3851,3852,3854,3855,3857,3858,3860,3861,3863,3864,3866,3867,3869,3870,3872,3874,3875,3877,3878,3880,3881,3883,3884,3886,3887,3889,3890,3892,3893,3895,3896,3898,3899,3901,3902,3904,3906,3907,3909,3910,3912,3913,3915,3916,3918,3919,3921,3922,3924,3925,3927,3928,3930,3931,3933,3935,3936,3938,3939,3941,3942,3944,3945,3947,3948,3950,3951,3953,3954,3956,3957,3959,3960,3962,3963,3965,3967,3968,3970,3971,3973,3974,3976,3977,3979,3980,3982,3983,3985,3986,3988,3989,3991,3992,3994,3995,3997,3999,4000,4002,4003,4005,4006,4008,4009,4011,4012,4014,4015,4017,4018,4020,4021,4023,4024,4026,4027,4029,4031,4032,4034,4035,4037,4038,4040,4041,4043,4044,4046,4047,4049,4050,4052,4053,4055,4056,4058,4059,4061,4062,4064,4066,4067,4069,4070,4072,4073,4075,4076,4078,4079,4081,4082,4084,4085,4087,4088,4090,4091,4093,4094,4096,4097,4099,4100,4102,4104,4105,4107,4108,4110,4111,4113,4114,4116,4117,4119,4120,4122,4123,4125,4126,4128,4129,4131,4132,4134,4135,4137,4139,4140,4142,4143,4145,4146,4148,4149,4151,4152,4154,4155,4157,4158,4160,4161,4163,4164,4166,4167,4169,4170,4172,4173,4175,4176,4178,4180,4181,4183,4184,4186,4187,4189,4190,4192,4193,4195,4196,4198,4199,4201,4202,4204,4205,4207,4208,4210,4211,4213,4214,4216,4217,4219,4221,4222,4224,4225,4227,4228,4230,4231,4233,4234,4236,4237,4239,4240,4242,4243,4245,4246,4248,4249,4251,4252,4254,4255,4257,4258,4260,4261,4263,4265,4266,4268,4269,4271,4272,4274,4275,4277,4278,4280,4281,4283,4284,4286,4287,4289,4290,4292,4293,4295,4296,4298,4299,4301,4302,4304,4305,4307,4308,4310,4312,4313,4315,4316,4318,4319,4321,4322,4324,4325,4327,4328,4330,4331,4333,4334,4336,4337,4339,4340,4342,4343,4345,4346,4348,4349,4351,4352,4354,4355,4357,4358,4360,4361,4363,4365,4366,4368,4369,4371,4372,4374,4375,4377,4378,4380,4381,4383,4384,4386,4387,4389,4390,4392,4393,4395,4396,4398,4399,4401,4402,4404,4405,4407,4408,4410,4411,4413,4414,4416,4417,4419,4421,4422,4424,4425,4427,4428,4430,4431,4433,4434,4436,4437,4439,4440,4442,4443,4445,4446,4448,4449,4451,4452,4454,4455,4457,4458,4460,4461,4463,4464,4466,4467,4469,4470,4472,4473,4475,4476,4478,4479,4481,4482,4484,4485,4487,4489,4490,4492,4493,4495,4496,4498,4499,4501,4502,4504,4505,4507,4508,4510,4511,4513,4514,4516,4517,4519,4520,4522,4523,4525,4526,4528,4529,4531,4532,4534,4535,4537,4538,4540,4541,4543,4544,4546,4547,4549,4550,4552,4553,4555,4556,4558,4559,4561,4562,4564,4566,4567,4569,4570,4572,4573,4575,4576,4578,4579,4581,4582,4584,4585,4587,4588,4590,4591,4593,4594,4596,4597,4599,4600,4602,4603,4605,4606,4608,4609,4611,4612,4614,4615,4617,4618,4620,4621,4623,4624,4626,4627,4629,4630,4632,4633,4635,4636,4638,4639,4641,4642,4644,4645,4647,4648,4650,4651,4653,4654,4656,4657,4659,4660,4662,4663,4665,4666,4668,4669,4671,4672,4674,4676,4677,4679,4680,4682,4683,4685,4686,4688,4689,4691,4692,4694,4695,4697,4698,4700,4701,4703,4704,4706,4707,4709,4710,4712,4713,4715,4716,4718,4719,4721,4722,4724,4725,4727,4728,4730,4731,4733,4734,4736,4737,4739,4740,4742,4743,4745,4746,4748,4749,4751,4752,4754,4755,4757,4758,4760,4761,4763,4764,4766,4767,4769,4770,4772,4773,4775,4776,4778,4779,4781,4782,4784,4785,4787,4788,4790,4791,4793,4794,4796,4797,4799,4800,4802,4803,4805,4806,4808,4809,4811,4812,4814,4815,4817,4818,4820,4821,4823,4824,4826,4827,4829,4830,4832,4833,4835,4836,4838,4839,4841,4842,4844,4845,4847,4848,4850,4851,4853,4854,4856,4857,4859,4860,4862,4863,4865,4866,4868,4869,4871,4872,4874,4875,4877,4878,4880,4881,4883,4884,4886,4887,4889,4890,4892,4893,4895,4896,4898,4899,4901,4902,4904,4905,4907,4908,4910,4911,4913,4914,4916,4917,4919,4920,4922,4923,4925,4926,4928,4929,4931,4932,4934,4935,4937,4938,4940,4941,4943,4944,4946,4947,4949,4950,4952,4953,4955,4956,4958,4959,4961,4962,4964,4965,4967,4968,4970,4971,4973,4974,4976,4977,4979,4980,4982,4983,4985,4986,4988,4989,4991,4992,4994,4995,4997,4998,5000,5001,5003,5004,5006,5007,5009,5010,5012,5013,5015,5016,5018,5019,5021,5022,5024,5025,5027,5028,5030,5031,5033,5034,5036,5037,5039,5040,5042,5043,5044,5046,5047,5049,5050,5052,5053,5055,5056,5058,5059,5061,5062,5064,5065,5067,5068,5070,5071,5073,5074,5076,5077,5079,5080,5082,5083,5085,5086,5088,5089,5091,5092,5094,5095,5097,5098,5100,5101,5103,5104,5106,5107,5109,5110,5112,5113,5115,5116,5118,5119,5121,5122,5124,5125,5127,5128,5130,5131,5133,5134,5136,5137,5139,5140,5142,5143,5145,5146,5147,5149,5150,5152,5153,5155,5156,5158,5159,5161,5162,5164,5165,5167,5168,5170,5171,5173,5174,5176,5177,5179,5180,5182,5183,5185,5186,5188,5189,5191,5192,5194,5195,5197,5198,5200,5201,5203,5204,5206,5207,5209,5210,5212,5213,5215,5216,5218,5219,5221,5222,5223,5225,5226,5228,5229,5231,5232,5234,5235,5237,5238,5240,5241,5243,5244,5246,5247,5249,5250,5252,5253,5255,5256,5258,5259,5261,5262,5264,5265,5267,5268,5270,5271,5273,5274,5276,5277,5279,5280,5282,5283,5284,5286,5287,5289,5290,5292,5293,5295,5296,5298,5299,5301,5302,5304,5305,5307,5308,5310,5311,5313,5314,5316,5317,5319,5320,5322,5323,5325,5326,5328,5329,5331,5332,5334,5335,5336,5338,5339,5341,5342,5344,5345,5347,5348,5350,5351,5353,5354,5356,5357,5359,5360,5362,5363,5365,5366,5368,5369,5371,5372,5374,5375,5377,5378,5380,5381,5382,5384,5385,5387,5388,5390,5391,5393,5394,5396,5397,5399,5400,5402,5403,5405,5406,5408,5409,5411,5412,5414,5415,5417,5418,5420,5421,5423,5424,5425,5427,5428,5430,5431,5433,5434,5436,5437,5439,5440,5442,5443,5445,5446,5448,5449,5451,5452,5454,5455,5457,5458,5460,5461,5463,5464,5465,5467,5468,5470,5471,5473,5474,5476,5477,5479,5480,5482,5483,5485,5486,5488,5489,5491,5492,5494,5495,5497,5498,5500,5501,5502,5504,5505,5507,5508,5510,5511,5513,5514,5516,5517,5519,5520,5522,5523,5525,5526,5528,5529,5531,5532,5534,5535,5537,5538,5539,5541,5542,5544,5545,5547,5548,5550,5551,5553,5554,5556,5557,5559,5560,5562,5563,5565,5566,5568,5569,5570,5572,5573,5575,5576,5578,5579,5581,5582,5584,5585,5587,5588,5590,5591,5593,5594,5596,5597,5599,5600,5602,5603,5604,5606,5607,5609,5610,5612,5613,5615,5616,5618,5619,5621,5622,5624,5625,5627,5628,5630,5631,5632,5634,5635,5637,5638,5640,5641,5643,5644,5646,5647,5649,5650,5652,5653,5655,5656,5658,5659,5661,5662,5663,5665,5666,5668,5669,5671,5672,5674,5675,5677,5678,5680,5681,5683,5684,5686,5687,5688,5690,5691,5693,5694,5696,5697,5699,5700,5702,5703,5705,5706,5708,5709,5711,5712,5714,5715,5716,5718,5719,5721,5722,5724,5725,5727,5728,5730,5731,5733,5734,5736,5737,5739,5740,5741,5743,5744,5746,5747,5749,5750,5752,5753,5755,5756,5758,5759,5761,5762,5764,5765,5766,5768,5769,5771,5772,5774,5775,5777,5778,5780,5781,5783,5784,5786,5787,5789,5790,5791,5793,5794,5796,5797,5799,5800,5802,5803,5805,5806,5808,5809,5811,5812,5814,5815,5816,5818,5819,5821,5822,5824,5825,5827,5828,5830,5831,5833,5834,5836,5837,5838,5840,5841,5843,5844,5846,5847,5849,5850,5852,5853,5855,5856,5858,5859,5860,5862,5863,5865,5866,5868,5869,5871,5872,5874,5875,5877,5878,5880,5881,5882,5884,5885,5887,5888,5890,5891,5893,5894,5896,5897,5899,5900,5902,5903,5904,5906,5907,5909,5910,5912,5913,5915,5916,5918,5919,5921,5922,5923,5925,5926,5928,5929,5931,5932,5934,5935,5937,5938,5940,5941,5943,5944,5945,5947,5948,5950,5951,5953,5954,5956,5957,5959,5960,5962,5963,5964,5966,5967,5969,5970,5972,5973,5975,5976,5978,5979,5981,5982,5983,5985,5986,5988,5989,5991,5992,5994,5995,5997,5998,6000,6001,6002,6004,6005,6007,6008,6010,6011,6013,6014,6016,6017,6019,6020,6021,6023,6024,6026,6027,6029,6030,6032,6033,6035,6036,6038,6039,6040,6042,6043,6045,6046,6048,6049,6051,6052,6054,6055,6057,6058,6059,6061,6062,6064,6065,6067,6068,6070,6071,6073,6074,6075,6077,6078,6080,6081,6083,6084,6086,6087,6089,6090,6092,6093,6094,6096,6097,6099,6100,6102,6103,6105,6106,6108,6109,6110,6112,6113,6115,6116,6118,6119,6121,6122,6124,6125,6127,6128,6129,6131,6132,6134,6135,6137,6138,6140,6141,6143,6144,6145,6147,6148,6150,6151,6153,6154,6156,6157,6159,6160,6161,6163,6164,6166,6167,6169,6170,6172,6173,6175,6176,6177,6179,6180,6182,6183,6185,6186,6188,6189,6191,6192,6193,6195,6196,6198,6199,6201,6202,6204,6205,6207,6208,6209,6211,6212,6214,6215,6217,6218,6220,6221,6223,6224,6225,6227,6228,6230,6231,6233,6234,6236,6237,6239,6240,6241,6243,6244,6246,6247,6249,6250,6252,6253,6254,6256,6257,6259,6260,6262,6263,6265,6266,6268,6269,6270,6272,6273,6275,6276,6278,6279,6281,6282,6284,6285,6286,6288,6289,6291,6292,6294,6295,6297,6298,6299,6301,6302,6304,6305,6307,6308,6310,6311,6313,6314,6315,6317,6318,6320,6321,6323,6324,6326,6327,6328,6330,6331,6333,6334,6336,6337,6339,6340,6341,6343,6344,6346,6347,6349,6350,6352,6353,6355,6356,6357,6359,6360,6362,6363,6365,6366,6368,6369,6370,6372,6373,6375,6376,6378,6379,6381,6382,6383,6385,6386,6388,6389,6391,6392,6394,6395,6396,6398,6399,6401,6402,6404,6405,6407,6408,6409,6411,6412,6414,6415,6417,6418,6420,6421,6422,6424,6425,6427,6428,6430,6431,6433,6434,6435,6437,6438,6440,6441,6443,6444,6446,6447,6448,6450,6451,6453,6454,6456,6457,6459,6460,6461,6463,6464,6466,6467,6469,6470,6472,6473,6474,6476,6477,6479,6480,6482,6483,6485,6486,6487,6489,6490,6492,6493,6495,6496,6498,6499,6500,6502,6503,6505,6506,6508,6509,6511,6512,6513,6515,6516,6518,6519,6521,6522,6523,6525,6526,6528,6529,6531,6532,6534,6535,6536,6538,6539,6541,6542,6544,6545,6547,6548,6549,6551,6552,6554,6555,6557,6558,6559,6561,6562,6564,6565,6567,6568,6570,6571,6572,6574,6575,6577,6578,6580,6581,6583,6584,6585,6587,6588,6590,6591,6593,6594,6595,6597,6598,6600,6601,6603,6604,6606,6607,6608,6610,6611,6613,6614,6616,6617,6618,6620,6621,6623,6624,6626,6627,6629,6630,6631,6633,6634,6636,6637,6639,6640,6641,6643,6644,6646,6647,6649,6650,6651,6653,6654,6656,6657,6659,6660,6662,6663,6664,6666,6667,6669,6670,6672,6673,6674,6676,6677,6679,6680,6682,6683,6684,6686,6687,6689,6690,6692,6693,6695,6696,6697,6699,6700,6702,6703,6705,6706,6707,6709,6710,6712,6713,6715,6716,6717,6719,6720,6722,6723,6725,6726,6727,6729,6730,6732,6733,6735,6736,6738,6739,6740,6742,6743,6745,6746,6748,6749,6750,6752,6753,6755,6756,6758,6759,6760,6762,6763,6765,6766,6768,6769,6770,6772,6773,6775,6776,6778,6779,6780,6782,6783,6785,6786,6788,6789,6790,6792,6793,6795,6796,6798,6799,6800,6802,6803,6805,6806,6808,6809,6810,6812,6813,6815,6816,6818,6819,6820,6822,6823,6825,6826,6828,6829,6830,6832,6833,6835,6836,6838,6839,6840,6842,6843,6845,6846,6848,6849,6850,6852,6853,6855,6856,6858,6859,6860,6862,6863,6865,6866,6868,6869,6870,6872,6873,6875,6876,6878,6879,6880,6882,6883,6885,6886,6887,6889,6890,6892,6893,6895,6896,6897,6899,6900,6902,6903,6905,6906,6907,6909,6910,6912,6913,6915,6916,6917,6919,6920,6922,6923,6925,6926,6927,6929,6930,6932,6933,6934,6936,6937,6939,6940,6942,6943,6944,6946,6947,6949,6950,6952,6953,6954,6956,6957,6959,6960,6962,6963,6964,6966,6967,6969,6970,6971,6973,6974,6976,6977,6979,6980,6981,6983,6984,6986,6987,6989,6990,6991,6993,6994,6996,6997,6998,7000,7001,7003,7004,7006,7007,7008,7010,7011,7013,7014,7015,7017,7018,7020,7021,7023,7024,7025,7027,7028,7030,7031,7033,7034,7035,7037,7038,7040,7041,7042,7044,7045,7047,7048,7050,7051,7052,7054,7055,7057,7058,7059,7061,7062,7064,7065,7067,7068,7069,7071,7072,7074,7075,7076,7078,7079,7081,7082,7084,7085,7086,7088,7089,7091,7092,7093,7095,7096,7098,7099,7101,7102,7103,7105,7106,7108,7109,7110,7112,7113,7115,7116,7118,7119,7120,7122,7123,7125,7126,7127,7129,7130,7132,7133,7134,7136,7137,7139,7140,7142,7143,7144,7146,7147,7149,7150,7151,7153,7154,7156,7157,7159,7160,7161,7163,7164,7166,7167,7168,7170,7171,7173,7174,7175,7177,7178,7180,7181,7183,7184,7185,7187,7188,7190,7191,7192,7194,7195,7197,7198,7199,7201,7202,7204,7205,7207,7208,7209,7211,7212,7214,7215,7216,7218,7219,7221,7222,7223,7225,7226,7228,7229,7230,7232,7233,7235,7236,7238,7239,7240,7242,7243,7245,7246,7247,7249,7250,7252,7253,7254,7256,7257,7259,7260,7261,7263,7264,7266,7267,7269,7270,7271,7273,7274,7276,7277,7278,7280,7281,7283,7284,7285,7287,7288,7290,7291,7292,7294,7295,7297,7298,7299,7301,7302,7304,7305,7306,7308,7309,7311,7312,7314,7315,7316,7318,7319,7321,7322,7323,7325,7326,7328,7329,7330,7332,7333,7335,7336,7337,7339,7340,7342,7343,7344,7346,7347,7349,7350,7351,7353,7354,7356,7357,7358,7360,7361,7363,7364,7365,7367,7368,7370,7371,7372,7374,7375,7377,7378,7380,7381,7382,7384,7385,7387,7388,7389,7391,7392,7394,7395,7396,7398,7399,7401,7402,7403,7405,7406,7408,7409,7410,7412,7413,7415,7416,7417,7419,7420,7422,7423,7424,7426,7427,7429,7430,7431,7433,7434,7436,7437,7438,7440,7441,7443,7444,7445,7447,7448,7450,7451,7452,7454,7455,7457,7458,7459,7461,7462,7464,7465,7466,7468,7469,7471,7472,7473,7475,7476,7478,7479,7480,7482,7483,7484,7486,7487,7489,7490,7491,7493,7494,7496,7497,7498,7500,7501,7503,7504,7505,7507,7508,7510,7511,7512,7514,7515,7517,7518,7519,7521,7522,7524,7525,7526,7528,7529,7531,7532,7533,7535,7536,7538,7539,7540,7542,7543,7545,7546,7547,7549,7550,7551,7553,7554,7556,7557,7558,7560,7561,7563,7564,7565,7567,7568,7570,7571,7572,7574,7575,7577,7578,7579,7581,7582,7584,7585,7586,7588,7589,7590,7592,7593,7595,7596,7597,7599,7600,7602,7603,7604,7606,7607,7609,7610,7611,7613,7614,7616,7617,7618,7620,7621,7622,7624,7625,7627,7628,7629,7631,7632,7634,7635,7636,7638,7639,7641,7642,7643,7645,7646,7647,7649,7650,7652,7653,7654,7656,7657,7659,7660,7661,7663,7664,7666,7667,7668,7670,7671,7672,7674,7675,7677,7678,7679,7681,7682,7684,7685,7686,7688,7689,7691,7692,7693,7695,7696,7697,7699,7700,7702,7703,7704,7706,7707,7709,7710,7711,7713,7714,7715,7717,7718,7720,7721,7722,7724,7725,7727,7728,7729,7731,7732,7733,7735,7736,7738,7739,7740,7742,7743,7745,7746,7747,7749,7750,7751,7753,7754,7756,7757,7758,7760,7761,7763,7764,7765,7767,7768,7769,7771,7772,7774,7775,7776,7778,7779,7781,7782,7783,7785,7786,7787,7789,7790,7792,7793,7794,7796,7797,7798,7800,7801,7803,7804,7805,7807,7808,7810,7811,7812,7814,7815,7816,7818,7819,7821,7822,7823,7825,7826,7827,7829,7830,7832,7833,7834,7836,7837,7839,7840,7841,7843,7844,7845,7847,7848,7850,7851,7852,7854,7855,7856,7858,7859,7861,7862,7863,7865,7866,7867,7869,7870,7872,7873,7874,7876,7877,7878,7880,7881,7883,7884,7885,7887,7888,7889,7891,7892,7894,7895,7896,7898,7899,7900,7902,7903,7905,7906,7907,7909,7910,7911,7913,7914,7916,7917,7918,7920,7921,7922,7924,7925,7927,7928,7929,7931,7932,7933,7935,7936,7938,7939,7940,7942,7943,7944,7946,7947,7949,7950,7951,7953,7954,7955,7957,7958,7960,7961,7962,7964,7965,7966,7968,7969,7971,7972,7973,7975,7976,7977,7979,7980,7982,7983,7984,7986,7987,7988,7990,7991,7993,7994,7995,7997,7998,7999,8001,8002,8003,8005,8006,8008,8009,8010,8012,8013,8014,8016,8017,8019,8020,8021,8023,8024,8025,8027,8028,8030,8031,8032,8034,8035,8036,8038,8039,8040,8042,8043,8045,8046,8047,8049,8050,8051,8053,8054,8056,8057,8058,8060,8061,8062,8064,8065,8066,8068,8069,8071,8072,8073,8075,8076,8077,8079,8080,8081,8083,8084,8086,8087,8088,8090,8091,8092,8094,8095,8097,8098,8099,8101,8102,8103,8105,8106,8107,8109,8110,8112,8113,8114,8116,8117,8118,8120,8121,8122,8124,8125,8127,8128,8129,8131,8132,8133,8135,8136,8137,8139,8140,8142,8143,8144,8146,8147,8148,8150,8151,8152,8154,8155,8157,8158,8159,8161,8162,8163,8165,8166,8167,8169,8170,8171,8173,8174,8176,8177,8178,8180,8181,8182,8184,8185,8186,8188,8189,8191,8192,8193,8195,8196,8197,8199,8200,8201,8203,8204,8206,8207,8208,8210,8211,8212,8214,8215,8216,8218,8219,8220,8222,8223,8225,8226,8227,8229,8230,8231,8233,8234,8235,8237,8238,8239,8241,8242,8244,8245,8246,8248,8249,8250,8252,8253,8254,8256,8257,8258,8260,8261,8263,8264,8265,8267,8268,8269,8271,8272,8273,8275,8276,8277,8279,8280,8282,8283,8284,8286,8287,8288,8290,8291,8292,8294,8295,8296,8298,8299,8300,8302,8303,8305,8306,8307,8309,8310,8311,8313,8314,8315,8317,8318,8319,8321,8322,8323,8325,8326,8328,8329,8330,8332,8333,8334,8336,8337,8338,8340,8341,8342,8344,8345,8346,8348,8349,8351,8352,8353,8355,8356,8357,8359,8360,8361,8363,8364,8365,8367,8368,8369,8371,8372,8373,8375,8376,8378,8379,8380,8382,8383,8384,8386,8387,8388,8390,8391,8392,8394,8395,8396,8398,8399,8400,8402,8403,8405,8406,8407,8409,8410,8411,8413,8414,8415,8417,8418,8419,8421,8422,8423,8425,8426,8427,8429,8430,8431,8433,8434,8436,8437,8438,8440,8441,8442,8444,8445,8446,8448,8449,8450,8452,8453,8454,8456,8457,8458,8460,8461,8462,8464,8465,8466,8468,8469,8470,8472,8473,8475,8476,8477,8479,8480,8481,8483,8484,8485,8487,8488,8489,8491,8492,8493,8495,8496,8497,8499,8500,8501,8503,8504,8505,8507,8508,8509,8511,8512,8513,8515,8516,8518,8519,8520,8522,8523,8524,8526,8527,8528,8530,8531,8532,8534,8535,8536,8538,8539,8540,8542,8543,8544,8546,8547,8548,8550,8551,8552,8554,8555,8556,8558,8559,8560,8562,8563,8564,8566,8567,8568,8570,8571,8572,8574,8575,8576,8578,8579,8580,8582,8583,8584,8586,8587,8589,8590,8591,8593,8594,8595,8597,8598,8599,8601,8602,8603,8605,8606,8607,8609,8610,8611,8613,8614,8615,8617,8618,8619,8621,8622,8623,8625,8626,8627,8629,8630,8631,8633,8634,8635,8637,8638,8639,8641,8642,8643,8645,8646,8647,8649,8650,8651,8653,8654,8655,8657,8658,8659,8661,8662,8663,8665,8666,8667,8669,8670,8671,8673,8674,8675,8677,8678,8679,8681,8682,8683,8685,8686,8687,8689,8690,8691,8693,8694,8695,8697,8698,8699,8701,8702,8703,8705,8706,8707,8709,8710,8711,8713,8714,8715,8717,8718,8719,8721,8722,8723,8725,8726,8727,8729,8730,8731,8732,8734,8735,8736,8738,8739,8740,8742,8743,8744,8746,8747,8748,8750,8751,8752,8754,8755,8756,8758,8759,8760,8762,8763,8764,8766,8767,8768,8770,8771,8772,8774,8775,8776,8778,8779,8780,8782,8783,8784,8786,8787,8788,8790,8791,8792,8794,8795,8796,8798,8799,8800,8801,8803,8804,8805,8807,8808,8809,8811,8812,8813,8815,8816,8817,8819,8820,8821,8823,8824,8825,8827,8828,8829,8831,8832,8833,8835,8836,8837,8839,8840,8841,8843,8844,8845,8846,8848,8849,8850,8852,8853,8854,8856,8857,8858,8860,8861,8862,8864,8865,8866,8868,8869,8870,8872,8873,8874,8876,8877,8878,8880,8881,8882,8883,8885,8886,8887,8889,8890,8891,8893,8894,8895,8897,8898,8899,8901,8902,8903,8905,8906,8907,8909,8910,8911,8912,8914,8915,8916,8918,8919,8920,8922,8923,8924,8926,8927,8928,8930,8931,8932,8934,8935,8936,8938,8939,8940,8941,8943,8944,8945,8947,8948,8949,8951,8952,8953,8955,8956,8957,8959,8960,8961,8963,8964,8965,8966,8968,8969,8970,8972,8973,8974,8976,8977,8978,8980,8981,8982,8984,8985,8986,8987,8989,8990,8991,8993,8994,8995,8997,8998,8999,9001,9002,9003,9005,9006,9007,9008,9010,9011,9012,9014,9015,9016,9018,9019,9020,9022,9023,9024,9026,9027,9028,9029,9031,9032,9033,9035,9036,9037,9039,9040,9041,9043,9044,9045,9046,9048,9049,9050,9052,9053,9054,9056,9057,9058,9060,9061,9062,9063,9065,9066,9067,9069,9070,9071,9073,9074,9075,9077,9078,9079,9081,9082,9083,9084,9086,9087,9088,9090,9091,9092,9094,9095,9096,9097,9099,9100,9101,9103,9104,9105,9107,9108,9109,9111,9112,9113,9114,9116,9117,9118,9120,9121,9122,9124,9125,9126,9128,9129,9130,9131,9133,9134,9135,9137,9138,9139,9141,9142,9143,9144,9146,9147,9148,9150,9151,9152,9154,9155,9156,9157,9159,9160,9161,9163,9164,9165,9167,9168,9169,9171,9172,9173,9174,9176,9177,9178,9180,9181,9182,9184,9185,9186,9187,9189,9190,9191,9193,9194,9195,9197,9198,9199,9200,9202,9203,9204,9206,9207,9208,9210,9211,9212,9213,9215,9216,9217,9219,9220,9221,9223,9224,9225,9226,9228,9229,9230,9232,9233,9234,9235,9237,9238,9239,9241,9242,9243,9245,9246,9247,9248,9250,9251,9252,9254,9255,9256,9258,9259,9260,9261,9263,9264,9265,9267,9268,9269,9270,9272,9273,9274,9276,9277,9278,9280,9281,9282,9283,9285,9286,9287,9289,9290,9291,9292,9294,9295,9296,9298,9299,9300,9302,9303,9304,9305,9307,9308,9309,9311,9312,9313,9314,9316,9317,9318,9320,9321,9322,9323,9325,9326,9327,9329,9330,9331,9333,9334,9335,9336,9338,9339,9340,9342,9343,9344,9345,9347,9348,9349,9351,9352,9353,9354,9356,9357,9358,9360,9361,9362,9363,9365,9366,9367,9369,9370,9371,9373,9374,9375,9376,9378,9379,9380,9382,9383,9384,9385,9387,9388,9389,9391,9392,9393,9394,9396,9397,9398,9400,9401,9402,9403,9405,9406,9407,9409,9410,9411,9412,9414,9415,9416,9418,9419,9420,9421,9423,9424,9425,9427,9428,9429,9430,9432,9433,9434,9436,9437,9438,9439,9441,9442,9443,9445,9446,9447,9448,9450,9451,9452,9454,9455,9456,9457,9459,9460,9461,9462,9464,9465,9466,9468,9469,9470,9471,9473,9474,9475,9477,9478,9479,9480,9482,9483,9484,9486,9487,9488,9489,9491,9492,9493,9495,9496,9497,9498,9500,9501,9502,9503,9505,9506,9507,9509,9510,9511,9512,9514,9515,9516,9518,9519,9520,9521,9523,9524,9525,9526,9528,9529,9530,9532,9533,9534,9535,9537,9538,9539,9541,9542,9543,9544,9546,9547,9548,9549,9551,9552,9553,9555,9556,9557,9558,9560,9561,9562,9563,9565,9566,9567,9569,9570,9571,9572,9574,9575,9576,9578,9579,9580,9581,9583,9584,9585,9586,9588,9589,9590,9592,9593,9594,9595,9597,9598,9599,9600,9602,9603,9604,9606,9607,9608,9609,9611,9612,9613,9614,9616,9617,9618,9620,9621,9622,9623,9625,9626,9627,9628,9630,9631,9632,9634,9635,9636,9637,9639,9640,9641,9642,9644,9645,9646,9647,9649,9650,9651,9653,9654,9655,9656,9658,9659,9660,9661,9663,9664,9665,9667,9668,9669,9670,9672,9673,9674,9675,9677,9678,9679,9680,9682,9683,9684,9686,9687,9688,9689,9691,9692,9693,9694,9696,9697,9698,9699,9701,9702,9703,9705,9706,9707,9708,9710,9711,9712,9713,9715,9716,9717,9718,9720,9721,9722,9723,9725,9726,9727,9729,9730,9731,9732,9734,9735,9736,9737,9739,9740,9741,9742,9744,9745,9746,9747,9749,9750,9751,9753,9754,9755,9756,9758,9759,9760,9761,9763,9764,9765,9766,9768,9769,9770,9771,9773,9774,9775,9776,9778,9779,9780,9782,9783,9784,9785,9787,9788,9789,9790,9792,9793,9794,9795,9797,9798,9799,9800,9802,9803,9804,9805,9807,9808,9809,9810,9812,9813,9814,9816,9817,9818,9819,9821,9822,9823,9824,9826,9827,9828,9829,9831,9832,9833,9834,9836,9837,9838,9839,9841,9842,9843,9844,9846,9847,9848,9849,9851,9852,9853,9854,9856,9857,9858,9859,9861,9862,9863,9864,9866,9867,9868,9870,9871,9872,9873,9875,9876,9877,9878,9880,9881,9882,9883,9885,9886,9887,9888,9890,9891,9892,9893,9895,9896,9897,9898,9900,9901,9902,9903,9905,9906,9907,9908,9910,9911,9912,9913,9915,9916,9917,9918,9920,9921,9922,9923,9925,9926,9927,9928,9930,9931,9932,9933,9935,9936,9937,9938,9940,9941,9942,9943,9945,9946,9947,9948,9950,9951,9952,9953,9955,9956,9957,9958,9960,9961,9962,9963,9965,9966,9967,9968,9970,9971,9972,9973,9974,9976,9977,9978,9979,9981,9982,9983,9984,9986,9987,9988,9989,9991,9992,9993,9994,9996,9997,9998,9999,10001,10002,10003,10004,10006,10007,10008,10009,10011,10012,10013,10014,10016,10017,10018,10019,10021,10022,10023,10024,10026,10027,10028,10029,10030,10032,10033,10034,10035,10037,10038,10039,10040,10042,10043,10044,10045,10047,10048,10049,10050,10052,10053,10054,10055,10057,10058,10059,10060,10061,10063,10064,10065,10066,10068,10069,10070,10071,10073,10074,10075,10076,10078,10079,10080,10081,10083,10084,10085,10086,10088,10089,10090,10091,10092,10094,10095,10096,10097,10099,10100,10101,10102,10104,10105,10106,10107,10109,10110,10111,10112,10113,10115,10116,10117,10118,10120,10121,10122,10123,10125,10126,10127,10128,10130,10131,10132,10133,10134,10136,10137,10138,10139,10141,10142,10143,10144,10146,10147,10148,10149,10151,10152,10153,10154,10155,10157,10158,10159,10160,10162,10163,10164,10165,10167,10168,10169,10170,10171,10173,10174,10175,10176,10178,10179,10180,10181,10183,10184,10185,10186,10187,10189,10190,10191,10192,10194,10195,10196,10197,10199,10200,10201,10202,10203,10205,10206,10207,10208,10210,10211,10212,10213,10214,10216,10217,10218,10219,10221,10222,10223,10224,10226,10227,10228,10229,10230,10232,10233,10234,10235,10237,10238,10239,10240,10241,10243,10244,10245,10246,10248,10249,10250,10251,10253,10254,10255,10256,10257,10259,10260,10261,10262,10264,10265,10266,10267,10268,10270,10271,10272,10273,10275,10276,10277,10278,10279,10281,10282,10283,10284,10286,10287,10288,10289,10290,10292,10293,10294,10295,10297,10298,10299,10300,10301,10303,10304,10305,10306,10308,10309,10310,10311,10312,10314,10315,10316,10317,10319,10320,10321,10322,10323,10325,10326,10327,10328,10329,10331,10332,10333,10334,10336,10337,10338,10339,10340,10342,10343,10344,10345,10347,10348,10349,10350,10351,10353,10354,10355,10356,10358,10359,10360,10361,10362,10364,10365,10366,10367,10368,10370,10371,10372,10373,10375,10376,10377,10378,10379,10381,10382,10383,10384,10385,10387,10388,10389,10390,10392,10393,10394,10395,10396,10398,10399,10400,10401,10402,10404,10405,10406,10407,10409,10410,10411,10412,10413,10415,10416,10417,10418,10419,10421,10422,10423,10424,10426,10427,10428,10429,10430,10432,10433,10434,10435,10436,10438,10439,10440,10441,10442,10444,10445,10446,10447,10449,10450,10451,10452,10453,10455,10456,10457,10458,10459,10461,10462,10463,10464,10465,10467,10468,10469,10470,10471,10473,10474,10475,10476,10478,10479,10480,10481,10482,10484,10485,10486,10487,10488,10490,10491,10492,10493,10494,10496,10497,10498,10499,10500,10502,10503,10504,10505,10506,10508,10509,10510,10511,10512,10514,10515,10516,10517,10519,10520,10521,10522,10523,10525,10526,10527,10528,10529,10531,10532,10533,10534,10535,10537,10538,10539,10540,10541,10543,10544,10545,10546,10547,10549,10550,10551,10552,10553,10555,10556,10557,10558,10559,10561,10562,10563,10564,10565,10567,10568,10569,10570,10571,10573,10574,10575,10576,10577,10579,10580,10581,10582,10583,10585,10586,10587,10588,10589,10591,10592,10593,10594,10595,10597,10598,10599,10600,10601,10603,10604,10605,10606,10607,10609,10610,10611,10612,10613,10615,10616,10617,10618,10619,10621,10622,10623,10624,10625,10627,10628,10629,10630,10631,10632,10634,10635,10636,10637,10638,10640,10641,10642,10643,10644,10646,10647,10648,10649,10650,10652,10653,10654,10655,10656,10658,10659,10660,10661,10662,10664,10665,10666,10667,10668,10669,10671,10672,10673,10674,10675,10677,10678,10679,10680,10681,10683,10684,10685,10686,10687,10689,10690,10691,10692,10693,10694,10696,10697,10698,10699,10700,10702,10703,10704,10705,10706,10708,10709,10710,10711,10712,10714,10715,10716,10717,10718,10719,10721,10722,10723,10724,10725,10727,10728,10729,10730,10731,10733,10734,10735,10736,10737,10738,10740,10741,10742,10743,10744,10746,10747,10748,10749,10750,10751,10753,10754,10755,10756,10757,10759,10760,10761,10762,10763,10765,10766,10767,10768,10769,10770,10772,10773,10774,10775,10776,10778,10779,10780,10781,10782,10783,10785,10786,10787,10788,10789,10791,10792,10793,10794,10795,10796,10798,10799,10800,10801,10802,10804,10805,10806,10807,10808,10809,10811,10812,10813,10814,10815,10817,10818,10819,10820,10821,10822,10824,10825,10826,10827,10828,10829,10831,10832,10833,10834,10835,10837,10838,10839,10840,10841,10842,10844,10845,10846,10847,10848,10850,10851,10852,10853,10854,10855,10857,10858,10859,10860,10861,10862,10864,10865,10866,10867,10868,10869,10871,10872,10873,10874,10875,10877,10878,10879,10880,10881,10882,10884,10885,10886,10887,10888,10889,10891,10892,10893,10894,10895,10896,10898,10899,10900,10901,10902,10904,10905,10906,10907,10908,10909,10911,10912,10913,10914,10915,10916,10918,10919,10920,10921,10922,10923,10925,10926,10927,10928,10929,10930,10932,10933,10934,10935,10936,10937,10939,10940,10941,10942,10943,10945,10946,10947,10948,10949,10950,10952,10953,10954,10955,10956,10957,10959,10960,10961,10962,10963,10964,10966,10967,10968,10969,10970,10971,10973,10974,10975,10976,10977,10978,10980,10981,10982,10983,10984,10985,10987,10988,10989,10990,10991,10992,10994,10995,10996,10997,10998,10999,11000,11002,11003,11004,11005,11006,11007,11009,11010,11011,11012,11013,11014,11016,11017,11018,11019,11020,11021,11023,11024,11025,11026,11027,11028,11030,11031,11032,11033,11034,11035,11037,11038,11039,11040,11041,11042,11043,11045,11046,11047,11048,11049,11050,11052,11053,11054,11055,11056,11057,11059,11060,11061,11062,11063,11064,11066,11067,11068,11069,11070,11071,11072,11074,11075,11076,11077,11078,11079,11081,11082,11083,11084,11085,11086,11087,11089,11090,11091,11092,11093,11094,11096,11097,11098,11099,11100,11101,11103,11104,11105,11106,11107,11108,11109,11111,11112,11113,11114,11115,11116,11118,11119,11120,11121,11122,11123,11124,11126,11127,11128,11129,11130,11131,11133,11134,11135,11136,11137,11138,11139,11141,11142,11143,11144,11145,11146,11147,11149,11150,11151,11152,11153,11154,11156,11157,11158,11159,11160,11161,11162,11164,11165,11166,11167,11168,11169,11170,11172,11173,11174,11175,11176,11177,11179,11180,11181,11182,11183,11184,11185,11187,11188,11189,11190,11191,11192,11193,11195,11196,11197,11198,11199,11200,11201,11203,11204,11205,11206,11207,11208,11209,11211,11212,11213,11214,11215,11216,11218,11219,11220,11221,11222,11223,11224,11226,11227,11228,11229,11230,11231,11232,11234,11235,11236,11237,11238,11239,11240,11242,11243,11244,11245,11246,11247,11248,11250,11251,11252,11253,11254,11255,11256,11258,11259,11260,11261,11262,11263,11264,11265,11267,11268,11269,11270,11271,11272,11273,11275,11276,11277,11278,11279,11280,11281,11283,11284,11285,11286,11287,11288,11289,11291,11292,11293,11294,11295,11296,11297,11299,11300,11301,11302,11303,11304,11305,11306,11308,11309,11310,11311,11312,11313,11314,11316,11317,11318,11319,11320,11321,11322,11324,11325,11326,11327,11328,11329,11330,11331,11333,11334,11335,11336,11337,11338,11339,11341,11342,11343,11344,11345,11346,11347,11348,11350,11351,11352,11353,11354,11355,11356,11358,11359,11360,11361,11362,11363,11364,11365,11367,11368,11369,11370,11371,11372,11373,11374,11376,11377,11378,11379,11380,11381,11382,11384,11385,11386,11387,11388,11389,11390,11391,11393,11394,11395,11396,11397,11398,11399,11400,11402,11403,11404,11405,11406,11407,11408,11409,11411,11412,11413,11414,11415,11416,11417,11418,11420,11421,11422,11423,11424,11425,11426,11428,11429,11430,11431,11432,11433,11434,11435,11437,11438,11439,11440,11441,11442,11443,11444,11445,11447,11448,11449,11450,11451,11452,11453,11454,11456,11457,11458,11459,11460,11461,11462,11463,11465,11466,11467,11468,11469,11470,11471,11472,11474,11475,11476,11477,11478,11479,11480,11481,11483,11484,11485,11486,11487,11488,11489,11490,11491,11493,11494,11495,11496,11497,11498,11499,11500,11502,11503,11504,11505,11506,11507,11508,11509,11510,11512,11513,11514,11515,11516,11517,11518,11519,11521,11522,11523,11524,11525,11526,11527,11528,11529,11531,11532,11533,11534,11535,11536,11537,11538,11540,11541,11542,11543,11544,11545,11546,11547,11548,11550,11551,11552,11553,11554,11555,11556,11557,11558,11560,11561,11562,11563,11564,11565,11566,11567,11568,11570,11571,11572,11573,11574,11575,11576,11577,11578,11580,11581,11582,11583,11584,11585,11586,11587,11588,11590,11591,11592,11593,11594,11595,11596,11597,11598,11600,11601,11602,11603,11604,11605,11606,11607,11608,11610,11611,11612,11613,11614,11615,11616,11617,11618,11620,11621,11622,11623,11624,11625,11626,11627,11628,11629,11631,11632,11633,11634,11635,11636,11637,11638,11639,11641,11642,11643,11644,11645,11646,11647,11648,11649,11650,11652,11653,11654,11655,11656,11657,11658,11659,11660,11662,11663,11664,11665,11666,11667,11668,11669,11670,11671,11673,11674,11675,11676,11677,11678,11679,11680,11681,11682,11684,11685,11686,11687,11688,11689,11690,11691,11692,11693,11695,11696,11697,11698,11699,11700,11701,11702,11703,11704,11706,11707,11708,11709,11710,11711,11712,11713,11714,11715,11717,11718,11719,11720,11721,11722,11723,11724,11725,11726,11728,11729,11730,11731,11732,11733,11734,11735,11736,11737,11738,11740,11741,11742,11743,11744,11745,11746,11747,11748,11749,11751,11752,11753,11754,11755,11756,11757,11758,11759,11760,11761,11763,11764,11765,11766,11767,11768,11769,11770,11771,11772,11773,11775,11776,11777,11778,11779,11780,11781,11782,11783,11784,11785,11787,11788,11789,11790,11791,11792,11793,11794,11795,11796,11797,11799,11800,11801,11802,11803,11804,11805,11806,11807,11808,11809,11811,11812,11813,11814,11815,11816,11817,11818,11819,11820,11821,11823,11824,11825,11826,11827,11828,11829,11830,11831,11832,11833,11834,11836,11837,11838,11839,11840,11841,11842,11843,11844,11845,11846,11847,11849,11850,11851,11852,11853,11854,11855,11856,11857,11858,11859,11861,11862,11863,11864,11865,11866,11867,11868,11869,11870,11871,11872,11874,11875,11876,11877,11878,11879,11880,11881,11882,11883,11884,11885,11886,11888,11889,11890,11891,11892,11893,11894,11895,11896,11897,11898,11899,11901,11902,11903,11904,11905,11906,11907,11908,11909,11910,11911,11912,11913,11915,11916,11917,11918,11919,11920,11921,11922,11923,11924,11925,11926,11927,11929,11930,11931,11932,11933,11934,11935,11936,11937,11938,11939,11940,11941,11943,11944,11945,11946,11947,11948,11949,11950,11951,11952,11953,11954,11955,11957,11958,11959,11960,11961,11962,11963,11964,11965,11966,11967,11968,11969,11970,11972,11973,11974,11975,11976,11977,11978,11979,11980,11981,11982,11983,11984,11985,11987,11988,11989,11990,11991,11992,11993,11994,11995,11996,11997,11998,11999,12000,12002,12003,12004,12005,12006,12007,12008,12009,12010,12011,12012,12013,12014,12015,12016,12018,12019,12020,12021,12022,12023,12024,12025,12026,12027,12028,12029,12030,12031,12032,12034,12035,12036,12037,12038,12039,12040,12041,12042,12043,12044,12045,12046,12047,12048,12050,12051,12052,12053,12054,12055,12056,12057,12058,12059,12060,12061,12062,12063,12064,12065,12067,12068,12069,12070,12071,12072,12073,12074,12075,12076,12077,12078,12079,12080,12081,12082,12084,12085,12086,12087,12088,12089,12090,12091,12092,12093,12094,12095,12096,12097,12098,12099,12100,12102,12103,12104,12105,12106,12107,12108,12109,12110,12111,12112,12113,12114,12115,12116,12117,12118,12119,12121,12122,12123,12124,12125,12126,12127,12128,12129,12130,12131,12132,12133,12134,12135,12136,12137,12139,12140,12141,12142,12143,12144,12145,12146,12147,12148,12149,12150,12151,12152,12153,12154,12155,12156,12157,12159,12160,12161,12162,12163,12164,12165,12166,12167,12168,12169,12170,12171,12172,12173,12174,12175,12176,12177,12179,12180,12181,12182,12183,12184,12185,12186,12187,12188,12189,12190,12191,12192,12193,12194,12195,12196,12197,12198,12199,12201,12202,12203,12204,12205,12206,12207,12208,12209,12210,12211,12212,12213,12214,12215,12216,12217,12218,12219,12220,12221,12223,12224,12225,12226,12227,12228,12229,12230,12231,12232,12233,12234,12235,12236,12237,12238,12239,12240,12241,12242,12243,12244,12246,12247,12248,12249,12250,12251,12252,12253,12254,12255,12256,12257,12258,12259,12260,12261,12262,12263,12264,12265,12266,12267,12268,12269,12271,12272,12273,12274,12275,12276,12277,12278,12279,12280,12281,12282,12283,12284,12285,12286,12287,12288,12289,12290,12291,12292,12293,12294,12295,12297,12298,12299,12300,12301,12302,12303,12304,12305,12306,12307,12308,12309,12310,12311,12312,12313,12314,12315,12316,12317,12318,12319,12320,12321,12322,12323,12324,12326,12327,12328,12329,12330,12331,12332,12333,12334,12335,12336,12337,12338,12339,12340,12341,12342,12343,12344,12345,12346,12347,12348,12349,12350,12351,12352,12353,12354,12355,12357,12358,12359,12360,12361,12362,12363,12364,12365,12366,12367,12368,12369,12370,12371,12372,12373,12374,12375,12376,12377,12378,12379,12380,12381,12382,12383,12384,12385,12386,12387,12388,12389,12390,12392,12393,12394,12395,12396,12397,12398,12399,12400,12401,12402,12403,12404,12405,12406,12407,12408,12409,12410,12411,12412,12413,12414,12415,12416,12417,12418,12419,12420,12421,12422,12423,12424,12425,12426,12427,12428,12429,12430,12431,12433,12434,12435,12436,12437,12438,12439,12440,12441,12442,12443,12444,12445,12446,12447,12448,12449,12450,12451,12452,12453,12454,12455,12456,12457,12458,12459,12460,12461,12462,12463,12464,12465,12466,12467,12468,12469,12470,12471,12472,12473,12474,12475,12476,12477,12478,12479,12480,12481,12482,12484,12485,12486,12487,12488,12489,12490,12491,12492,12493,12494,12495,12496,12497,12498,12499,12500,12501,12502,12503,12504,12505,12506,12507,12508,12509,12510,12511,12512,12513,12514,12515,12516,12517,12518,12519,12520,12521,12522,12523,12524,12525,12526,12527,12528,12529,12530,12531,12532,12533,12534,12535,12536,12537,12538,12539,12540,12541,12542,12543,12544,12545,12546,12547,12548,12549,12550,12551,12552,12553,12554,12555,12556,12557,12558,12559,12560,12561,12562,12564,12565,12566,12567,12568,12569,12570,12571,12572,12573,12574,12575,12576,12577,12578,12579,12580,12581,12582,12583,12584,12585,12586,12587,12588,12589,12590,12591,12592,12593,12594,12595,12596,12597,12598,12599,12600,12601,12602,12603,12604,12605,12606,12607,12608,12609,12610,12611,12612,12613,12614,12615,12616,12617,12618,12619,12620,12621,12622,12623,12624,12625,12626,12627,12628,12629,12630,12631,12632,12633,12634,12635,12636,12637,12638,12639,12640,12641,12642,12643,12644,12645,12646,12647,12648,12649,12650,12651,12652,12653,12654,12655,12656,12657,12658,12659,12660,12661,12662,12663,12664,12665,12666,12667,12668,12669,12670,12671,12672,12673,12674,12675,12676,12677,12678,12679,12680,12681,12682,12683,12684,12685,12686,12687,12688,12689,12690,12691,12692,12693,12694,12695,12696,12697,12698,12699,12700,12701,12702,12703,12703,12704,12705,12706,12707,12708,12709,12710,12711,12712,12713,12714,12715,12716,12717,12718,12719,12720,12721,12722,12723,12724,12725,12726,12727,12728,12729,12730,12731,12732,12733,12734,12735,12736,12737,12738,12739,12740,12741,12742,12743,12744,12745,12746,12747,12748,12749,12750,12751,12752,12753,12754,12755,12756,12757,12758,12759,12760,12761,12762,12763,12764,12765,12766,12767,12768,12769,12770,12771,12772,12773,12774,12775,12776,12777,12778,12779,12780,12780,12781,12782,12783,12784,12785,12786,12787,12788,12789,12790,12791,12792,12793,12794,12795,12796,12797,12798,12799,12800,12801,12802,12803,12804,12805,12806,12807,12808,12809,12810,12811,12812,12813,12814,12815,12816,12817,12818,12819,12820,12821,12822,12823,12824,12825,12826,12827,12828,12829,12829,12830,12831,12832,12833,12834,12835,12836,12837,12838,12839,12840,12841,12842,12843,12844,12845,12846,12847,12848,12849,12850,12851,12852,12853,12854,12855,12856,12857,12858,12859,12860,12861,12862,12863,12864,12865,12866,12867,12867,12868,12869,12870,12871,12872,12873,12874,12875,12876,12877,12878,12879,12880,12881,12882,12883,12884,12885,12886,12887,12888,12889,12890,12891,12892,12893,12894,12895,12896,12897,12898,12899,12900,12900,12901,12902,12903,12904,12905,12906,12907,12908,12909,12910,12911,12912,12913,12914,12915,12916,12917,12918,12919,12920,12921,12922,12923,12924,12925,12926,12927,12928,12928,12929,12930,12931,12932,12933,12934,12935,12936,12937,12938,12939,12940,12941,12942,12943,12944,12945,12946,12947,12948,12949,12950,12951,12952,12953,12954,12954,12955,12956,12957,12958,12959,12960,12961,12962,12963,12964,12965,12966,12967,12968,12969,12970,12971,12972,12973,12974,12975,12976,12977,12978,12978,12979,12980,12981,12982,12983,12984,12985,12986,12987,12988,12989,12990,12991,12992,12993,12994,12995,12996,12997,12998,12999,13000,13001,13001,13002,13003,13004,13005,13006,13007,13008,13009,13010,13011,13012,13013,13014,13015,13016,13017,13018,13019,13020,13021,13022,13022,13023,13024,13025,13026,13027,13028,13029,13030,13031,13032,13033,13034,13035,13036,13037,13038,13039,13040,13041,13041,13042,13043,13044,13045,13046,13047,13048,13049,13050,13051,13052,13053,13054,13055,13056,13057,13058,13059,13060,13060,13061,13062,13063,13064,13065,13066,13067,13068,13069,13070,13071,13072,13073,13074,13075,13076,13077,13078,13078,13079,13080,13081,13082,13083,13084,13085,13086,13087,13088,13089,13090,13091,13092,13093,13094,13095,13095,13096,13097,13098,13099,13100,13101,13102,13103,13104,13105,13106,13107,13108,13109,13110,13111,13112,13112,13113,13114,13115,13116,13117,13118,13119,13120,13121,13122,13123,13124,13125,13126,13127,13128,13128,13129,13130,13131,13132,13133,13134,13135,13136,13137,13138,13139,13140,13141,13142,13143,13143,13144,13145,13146,13147,13148,13149,13150,13151,13152,13153,13154,13155,13156,13157,13158,13158,13159,13160,13161,13162,13163,13164,13165,13166,13167,13168,13169,13170,13171,13172,13172,13173,13174,13175,13176,13177,13178,13179,13180,13181,13182,13183,13184,13185,13186,13186,13187,13188,13189,13190,13191,13192,13193,13194,13195,13196,13197,13198,13199,13200,13200,13201,13202,13203,13204,13205,13206,13207,13208,13209,13210,13211,13212,13213,13213,13214,13215,13216,13217,13218,13219,13220,13221,13222,13223,13224,13225,13226,13226,13227,13228,13229,13230,13231,13232,13233,13234,13235,13236,13237,13238,13238,13239,13240,13241,13242,13243,13244,13245,13246,13247,13248,13249,13250,13250,13251,13252,13253,13254,13255,13256,13257,13258,13259,13260,13261,13262,13262,13263,13264,13265,13266,13267,13268,13269,13270,13271,13272,13273,13274,13274,13275,13276,13277,13278,13279,13280,13281,13282,13283,13284,13285,13285,13286,13287,13288,13289,13290,13291,13292,13293,13294,13295,13296,13297,13297,13298,13299,13300,13301,13302,13303,13304,13305,13306,13307,13308,13308,13309,13310,13311,13312,13313,13314,13315,13316,13317,13318,13319,13319,13320,13321,13322,13323,13324,13325,13326,13327,13328,13329,13329,13330,13331,13332,13333,13334,13335,13336,13337,13338,13339,13340,13340,13341,13342,13343,13344,13345,13346,13347,13348,13349,13350,13350,13351,13352,13353,13354,13355,13356,13357,13358,13359,13360,13360,13361,13362,13363,13364,13365,13366,13367,13368,13369,13370,13370,13371,13372,13373,13374,13375,13376,13377,13378,13379,13380,13380,13381,13382,13383,13384,13385,13386,13387,13388,13389,13389,13390,13391,13392,13393,13394,13395,13396,13397,13398,13399,13399,13400,13401,13402,13403,13404,13405,13406,13407,13408,13408,13409,13410,13411,13412,13413,13414,13415,13416,13417,13417,13418,13419,13420,13421,13422,13423,13424,13425,13426,13426,13427,13428,13429,13430,13431,13432,13433,13434,13435,13435,13436,13437,13438,13439,13440,13441,13442,13443,13444,13444,13445,13446,13447,13448,13449,13450,13451,13452,13453,13453,13454,13455,13456,13457,13458,13459,13460,13461,13461,13462,13463,13464,13465,13466,13467,13468,13469,13470,13470,13471,13472,13473,13474,13475,13476,13477,13478,13478,13479,13480,13481,13482,13483,13484,13485,13486,13486,13487,13488,13489,13490,13491,13492,13493,13494,13495,13495,13496,13497,13498,13499,13500,13501,13502,13503,13503,13504,13505,13506,13507,13508,13509,13510,13511,13511,13512,13513,13514,13515,13516,13517,13518,13519,13519,13520,13521,13522,13523,13524,13525,13526,13526,13527,13528,13529,13530,13531,13532,13533,13534,13534,13535,13536,13537,13538,13539,13540,13541,13542,13542,13543,13544,13545,13546,13547,13548,13549,13549,13550,13551,13552,13553,13554,13555,13556,13557,13557,13558,13559,13560,13561,13562,13563,13564,13564,13565,13566,13567,13568,13569,13570,13571,13572,13572,13573,13574,13575,13576,13577,13578,13579,13579,13580,13581,13582,13583,13584,13585,13586,13586,13587,13588,13589,13590,13591,13592,13593,13593,13594,13595,13596,13597,13598,13599,13600,13600,13601,13602,13603,13604,13605,13606,13607,13607,13608,13609,13610,13611,13612,13613,13614,13614,13615,13616,13617,13618,13619,13620,13621,13621,13622,13623,13624,13625,13626,13627,13628,13628,13629,13630,13631,13632,13633,13634,13635,13635,13636,13637,13638,13639,13640,13641,13642,13642,13643,13644,13645,13646,13647,13648,13648,13649,13650,13651,13652,13653,13654,13655,13655,13656,13657,13658,13659,13660,13661,13661,13662,13663,13664,13665,13666,13667,13668,13668,13669,13670,13671,13672,13673,13674,13674,13675,13676,13677,13678,13679,13680,13681,13681,13682,13683,13684,13685,13686,13687,13687,13688,13689,13690,13691,13692,13693,13693,13694,13695,13696,13697,13698,13699,13699,13700,13701,13702,13703,13704,13705,13706,13706,13707,13708,13709,13710,13711,13712,13712,13713,13714,13715,13716,13717,13718,13718,13719,13720,13721,13722,13723,13724,13724,13725,13726,13727,13728,13729,13730,13730,13731,13732,13733,13734,13735,13736,13736,13737,13738,13739,13740,13741,13742,13742,13743,13744,13745,13746,13747,13748,13748,13749,13750,13751,13752,13753,13754,13754,13755,13756,13757,13758,13759,13759,13760,13761,13762,13763,13764,13765,13765,13766,13767,13768,13769,13770,13771,13771,13772,13773,13774,13775,13776,13777,13777,13778,13779,13780,13781,13782,13782,13783,13784,13785,13786,13787,13788,13788,13789,13790,13791,13792,13793,13793,13794,13795,13796,13797,13798,13799,13799,13800,13801,13802,13803,13804,13804,13805,13806,13807,13808,13809,13810,13810,13811,13812,13813,13814,13815,13815,13816,13817,13818,13819,13820,13821,13821,13822,13823,13824,13825,13826,13826,13827,13828,13829,13830,13831,13831,13832,13833,13834,13835,13836,13837,13837,13838,13839,13840,13841,13842,13842,13843,13844,13845,13846,13847,13847,13848,13849,13850,13851,13852,13852,13853,13854,13855,13856,13857,13858,13858,13859,13860,13861,13862,13863,13863,13864,13865,13866,13867,13868,13868,13869,13870,13871,13872,13873,13873,13874,13875,13876,13877,13878,13878,13879,13880,13881,13882,13883,13883,13884,13885,13886,13887,13888,13888,13889,13890,13891,13892,13893,13893,13894,13895,13896,13897,13898,13898,13899,13900,13901,13902,13903,13903,13904,13905,13906,13907,13908,13908,13909,13910,13911,13912,13913,13913,13914,13915,13916,13917,13918,13918,13919,13920,13921,13922,13922,13923,13924,13925,13926,13927,13927,13928,13929,13930,13931,13932,13932,13933,13934,13935,13936,13937,13937,13938,13939,13940,13941,13941,13942,13943,13944,13945,13946,13946,13947,13948,13949,13950,13951,13951,13952,13953,13954,13955,13955,13956,13957,13958,13959,13960,13960,13961,13962,13963,13964,13965,13965,13966,13967,13968,13969,13969,13970,13971,13972,13973,13974,13974,13975,13976,13977,13978,13978,13979,13980,13981,13982,13983,13983,13984,13985,13986,13987,13987,13988,13989,13990,13991,13992,13992,13993,13994,13995,13996,13996,13997,13998,13999,14000,14001,14001,14002,14003,14004,14005,14005,14006,14007,14008,14009,14010,14010,14011,14012,14013,14014,14014,14015,14016,14017,14018,14018,14019,14020,14021,14022,14023,14023,14024,14025,14026,14027,14027,14028,14029,14030,14031,14031,14032,14033,14034,14035,14035,14036,14037,14038,14039,14040,14040,14041,14042,14043,14044,14044,14045,14046,14047,14048,14048,14049,14050,14051,14052,14052,14053,14054,14055,14056,14057,14057,14058,14059,14060,14061,14061,14062,14063,14064,14065,14065,14066,14067,14068,14069,14069,14070,14071,14072,14073,14073,14074,14075,14076,14077,14077,14078,14079,14080,14081,14081,14082,14083,14084,14085,14085,14086,14087,14088,14089,14089,14090,14091,14092,14093,14093,14094,14095,14096,14097,14097,14098,14099,14100,14101,14101,14102,14103,14104,14105,14105,14106,14107,14108,14109,14109,14110,14111,14112,14113,14113,14114,14115,14116,14117,14117,14118,14119,14120,14121,14121,14122,14123,14124,14125,14125,14126,14127,14128,14129,14129,14130,14131,14132,14133,14133,14134,14135,14136,14137,14137,14138,14139,14140,14141,14141,14142,14143,14144,14144,14145,14146,14147,14148,14148,14149,14150,14151,14152,14152,14153,14154,14155,14156,14156,14157,14158,14159,14160,14160,14161,14162,14163,14163,14164,14165,14166,14167,14167,14168,14169,14170,14171,14171,14172,14173,14174,14174,14175,14176,14177,14178,14178,14179,14180,14181,14182,14182,14183,14184,14185,14185,14186,14187,14188,14189,14189,14190,14191,14192,14193,14193,14194,14195,14196,14196,14197,14198,14199,14200,14200,14201,14202,14203,14204,14204,14205,14206,14207,14207,14208,14209,14210,14211,14211,14212,14213,14214,14214,14215,14216,14217,14218,14218,14219,14220,14221,14222,14222,14223,14224,14225,14225,14226,14227,14228,14229,14229,14230,14231,14232,14232,14233,14234,14235,14236,14236,14237,14238,14239,14239,14240,14241,14242,14243,14243,14244,14245,14246,14246,14247,14248,14249,14249,14250,14251,14252,14253,14253,14254,14255,14256,14256,14257,14258,14259,14260,14260,14261,14262,14263,14263,14264,14265,14266,14267,14267,14268,14269,14270,14270,14271,14272,14273,14273,14274,14275,14276,14277,14277,14278,14279,14280,14280,14281,14282,14283,14283,14284,14285,14286,14287,14287,14288,14289,14290,14290,14291,14292,14293,14293,14294,14295,14296,14297,14297,14298,14299,14300,14300,14301,14302,14303,14303,14304,14305,14306,14306,14307,14308,14309,14310,14310,14311,14312,14313,14313,14314,14315,14316,14316,14317,14318,14319,14319,14320,14321,14322,14323,14323,14324,14325,14326,14326,14327,14328,14329,14329,14330,14331,14332,14332,14333,14334,14335,14335,14336,14337,14338,14339,14339,14340,14341,14342,14342,14343,14344,14345,14345,14346,14347,14348,14348,14349,14350,14351,14351,14352,14353,14354,14354,14355,14356,14357,14357,14358,14359,14360,14360,14361,14362,14363,14364,14364,14365,14366,14367,14367,14368,14369,14370,14370,14371,14372,14373,14373,14374,14375,14376,14376,14377,14378,14379,14379,14380,14381,14382,14382,14383,14384,14385,14385,14386,14387,14388,14388,14389,14390,14391,14391,14392,14393,14394,14394,14395,14396,14397,14397,14398,14399,14400,14400,14401,14402,14403,14403,14404,14405,14406,14406,14407,14408,14409,14409,14410,14411,14412,14412,14413,14414,14415,14415,14416,14417,14418,14418,14419,14420,14421,14421,14422,14423,14424,14424,14425,14426,14426,14427,14428,14429,14429,14430,14431,14432,14432,14433,14434,14435,14435,14436,14437,14438,14438,14439,14440,14441,14441,14442,14443,14444,14444,14445,14446,14447,14447,14448,14449,14449,14450,14451,14452,14452,14453,14454,14455,14455,14456,14457,14458,14458,14459,14460,14461,14461,14462,14463,14464,14464,14465,14466,14466,14467,14468,14469,14469,14470,14471,14472,14472,14473,14474,14475,14475,14476,14477,14478,14478,14479,14480,14480,14481,14482,14483,14483,14484,14485,14486,14486,14487,14488,14489,14489,14490,14491,14491,14492,14493,14494,14494,14495,14496,14497,14497,14498,14499,14500,14500,14501,14502,14502,14503,14504,14505,14505,14506,14507,14508,14508,14509,14510,14510,14511,14512,14513,14513,14514,14515,14516,14516,14517,14518,14518,14519,14520,14521,14521,14522,14523,14524,14524,14525,14526,14526,14527,14528,14529,14529,14530,14531,14532,14532,14533,14534,14534,14535,14536,14537,14537,14538,14539,14540,14540,14541,14542,14542,14543,14544,14545,14545,14546,14547,14547,14548,14549,14550,14550,14551,14552,14553,14553,14554,14555,14555,14556,14557,14558,14558,14559,14560,14560,14561,14562,14563,14563,14564,14565,14565,14566,14567,14568,14568,14569,14570,14571,14571,14572,14573,14573,14574,14575,14576,14576,14577,14578,14578,14579,14580,14581,14581,14582,14583,14583,14584,14585,14586,14586,14587,14588,14588,14589,14590,14591,14591,14592,14593,14593,14594,14595,14596,14596,14597,14598,14598,14599,14600,14601,14601,14602,14603,14603,14604,14605,14606,14606,14607,14608,14608,14609,14610,14611,14611,14612,14613,14613,14614,14615,14615,14616,14617,14618,14618,14619,14620,14620,14621,14622,14623,14623,14624,14625,14625,14626,14627,14628,14628,14629,14630,14630,14631,14632,14632,14633,14634,14635,14635,14636,14637,14637,14638,14639,14640,14640,14641,14642,14642,14643,14644,14644,14645,14646,14647,14647,14648,14649,14649,14650,14651,14652,14652,14653,14654,14654,14655,14656,14656,14657,14658,14659,14659,14660,14661,14661,14662,14663,14663,14664,14665,14666,14666,14667,14668,14668,14669,14670,14670,14671,14672,14673,14673,14674,14675,14675,14676,14677,14677,14678,14679,14680,14680,14681,14682,14682,14683,14684,14684,14685,14686,14686,14687,14688,14689,14689,14690,14691,14691,14692,14693,14693,14694,14695,14696,14696,14697,14698,14698,14699,14700,14700,14701,14702,14702,14703,14704,14705,14705,14706,14707,14707,14708,14709,14709,14710,14711,14711,14712,14713,14714,14714,14715,14716,14716,14717,14718,14718,14719,14720,14720,14721,14722,14722,14723,14724,14725,14725,14726,14727,14727,14728,14729,14729,14730,14731,14731,14732,14733,14733,14734,14735,14736,14736,14737,14738,14738,14739,14740,14740,14741,14742,14742,14743,14744,14744,14745,14746,14747,14747,14748,14749,14749,14750,14751,14751,14752,14753,14753,14754,14755,14755,14756,14757,14757,14758,14759,14759,14760,14761,14762,14762,14763,14764,14764,14765,14766,14766,14767,14768,14768,14769,14770,14770,14771,14772,14772,14773,14774,14774,14775,14776,14776,14777,14778,14779,14779,14780,14781,14781,14782,14783,14783,14784,14785,14785,14786,14787,14787,14788,14789,14789,14790,14791,14791,14792,14793,14793,14794,14795,14795,14796,14797,14797,14798,14799,14799,14800,14801,14801,14802,14803,14804,14804,14805,14806,14806,14807,14808,14808,14809,14810,14810,14811,14812,14812,14813,14814,14814,14815,14816,14816,14817,14818,14818,14819,14820,14820,14821,14822,14822,14823,14824,14824,14825,14826,14826,14827,14828,14828,14829,14830,14830,14831,14832,14832,14833,14834,14834,14835,14836,14836,14837,14838,14838,14839,14840,14840,14841,14842,14842,14843,14844,14844,14845,14846,14846,14847,14848,14848,14849,14850,14850,14851,14852,14852,14853,14854,14854,14855,14856,14856,14857,14858,14858,14859,14860,14860,14861,14862,14862,14863,14864,14864,14865,14865,14866,14867,14867,14868,14869,14869,14870,14871,14871,14872,14873,14873,14874,14875,14875,14876,14877,14877,14878,14879,14879,14880,14881,14881,14882,14883,14883,14884,14885,14885,14886,14887,14887,14888,14889,14889,14890,14890,14891,14892,14892,14893,14894,14894,14895,14896,14896,14897,14898,14898,14899,14900,14900,14901,14902,14902,14903,14904,14904,14905,14905,14906,14907,14907,14908,14909,14909,14910,14911,14911,14912,14913,14913,14914,14915,14915,14916,14917,14917,14918,14919,14919,14920,14920,14921,14922,14922,14923,14924,14924,14925,14926,14926,14927,14928,14928,14929,14930,14930,14931,14931,14932,14933,14933,14934,14935,14935,14936,14937,14937,14938,14939,14939,14940,14940,14941,14942,14942,14943,14944,14944,14945,14946,14946,14947,14948,14948,14949,14950,14950,14951,14951,14952,14953,14953,14954,14955,14955,14956,14957,14957,14958,14958,14959,14960,14960,14961,14962,14962,14963,14964,14964,14965,14966,14966,14967,14967,14968,14969,14969,14970,14971,14971,14972,14973,14973,14974,14974,14975,14976,14976,14977,14978,14978,14979,14980,14980,14981,14981,14982,14983,14983,14984,14985,14985,14986,14987,14987,14988,14988,14989,14990,14990,14991,14992,14992,14993,14994,14994,14995,14995,14996,14997,14997,14998,14999,14999,15000,15000,15001,15002,15002,15003,15004,15004,15005,15006,15006,15007,15007,15008,15009,15009,15010,15011,15011,15012,15012,15013,15014,15014,15015,15016,15016,15017,15017,15018,15019,15019,15020,15021,15021,15022,15022,15023,15024,15024,15025,15026,15026,15027,15027,15028,15029,15029,15030,15031,15031,15032,15032,15033,15034,15034,15035,15036,15036,15037,15037,15038,15039,15039,15040,15041,15041,15042,15042,15043,15044,15044,15045,15046,15046,15047,15047,15048,15049,15049,15050,15051,15051,15052,15052,15053,15054,15054,15055,15055,15056,15057,15057,15058,15059,15059,15060,15060,15061,15062,15062,15063,15064,15064,15065,15065,15066,15067,15067,15068,15068,15069,15070,15070,15071,15072,15072,15073,15073,15074,15075,15075,15076,15076,15077,15078,15078,15079,15080,15080,15081,15081,15082,15083,15083,15084,15084,15085,15086,15086,15087,15087,15088,15089,15089,15090,15091,15091,15092,15092,15093,15094,15094,15095,15095,15096,15097,15097,15098,15098,15099,15100,15100,15101,15102,15102,15103,15103,15104,15105,15105,15106,15106,15107,15108,15108,15109,15109,15110,15111,15111,15112,15112,15113,15114,15114,15115,15116,15116,15117,15117,15118,15119,15119,15120,15120,15121,15122,15122,15123,15123,15124,15125,15125,15126,15126,15127,15128,15128,15129,15129,15130,15131,15131,15132,15132,15133,15134,15134,15135,15135,15136,15137,15137,15138,15138,15139,15140,15140,15141,15141,15142,15143,15143,15144,15144,15145,15146,15146,15147,15147,15148,15149,15149,15150,15150,15151,15152,15152,15153,15153,15154,15155,15155,15156,15156,15157,15158,15158,15159,15159,15160,15161,15161,15162,15162,15163,15164,15164,15165,15165,15166,15166,15167,15168,15168,15169,15169,15170,15171,15171,15172,15172,15173,15174,15174,15175,15175,15176,15177,15177,15178,15178,15179,15180,15180,15181,15181,15182,15182,15183,15184,15184,15185,15185,15186,15187,15187,15188,15188,15189,15190,15190,15191,15191,15192,15192,15193,15194,15194,15195,15195,15196,15197,15197,15198,15198,15199,15200,15200,15201,15201,15202,15202,15203,15204,15204,15205,15205,15206,15207,15207,15208,15208,15209,15209,15210,15211,15211,15212,15212,15213,15214,15214,15215,15215,15216,15216,15217,15218,15218,15219,15219,15220,15221,15221,15222,15222,15223,15223,15224,15225,15225,15226,15226,15227,15227,15228,15229,15229,15230,15230,15231,15232,15232,15233,15233,15234,15234,15235,15236,15236,15237,15237,15238,15238,15239,15240,15240,15241,15241,15242,15243,15243,15244,15244,15245,15245,15246,15247,15247,15248,15248,15249,15249,15250,15251,15251,15252,15252,15253,15253,15254,15255,15255,15256,15256,15257,15257,15258,15259,15259,15260,15260,15261,15261,15262,15263,15263,15264,15264,15265,15265,15266,15267,15267,15268,15268,15269,15269,15270,15271,15271,15272,15272,15273,15273,15274,15275,15275,15276,15276,15277,15277,15278,15278,15279,15280,15280,15281,15281,15282,15282,15283,15284,15284,15285,15285,15286,15286,15287,15288,15288,15289,15289,15290,15290,15291,15291,15292,15293,15293,15294,15294,15295,15295,15296,15297,15297,15298,15298,15299,15299,15300,15300,15301,15302,15302,15303,15303,15304,15304,15305,15306,15306,15307,15307,15308,15308,15309,15309,15310,15311,15311,15312,15312,15313,15313,15314,15314,15315,15316,15316,15317,15317,15318,15318,15319,15319,15320,15321,15321,15322,15322,15323,15323,15324,15325,15325,15326,15326,15327,15327,15328,15328,15329,15329,15330,15331,15331,15332,15332,15333,15333,15334,15334,15335,15336,15336,15337,15337,15338,15338,15339,15339,15340,15341,15341,15342,15342,15343,15343,15344,15344,15345,15346,15346,15347,15347,15348,15348,15349,15349,15350,15350,15351,15352,15352,15353,15353,15354,15354,15355,15355,15356,15356,15357,15358,15358,15359,15359,15360,15360,15361,15361,15362,15362,15363,15364,15364,15365,15365,15366,15366,15367,15367,15368,15368,15369,15370,15370,15371,15371,15372,15372,15373,15373,15374,15374,15375,15376,15376,15377,15377,15378,15378,15379,15379,15380,15380,15381,15381,15382,15383,15383,15384,15384,15385,15385,15386,15386,15387,15387,15388,15389,15389,15390,15390,15391,15391,15392,15392,15393,15393,15394,15394,15395,15395,15396,15397,15397,15398,15398,15399,15399,15400,15400,15401,15401,15402,15402,15403,15404,15404,15405,15405,15406,15406,15407,15407,15408,15408,15409,15409,15410,15410,15411,15412,15412,15413,15413,15414,15414,15415,15415,15416,15416,15417,15417,15418,15418,15419,15420,15420,15421,15421,15422,15422,15423,15423,15424,15424,15425,15425,15426,15426,15427,15427,15428,15429,15429,15430,15430,15431,15431,15432,15432,15433,15433,15434,15434,15435,15435,15436,15436,15437,15437,15438,15439,15439,15440,15440,15441,15441,15442,15442,15443,15443,15444,15444,15445,15445,15446,15446,15447,15447,15448,15448,15449,15450,15450,15451,15451,15452,15452,15453,15453,15454,15454,15455,15455,15456,15456,15457,15457,15458,15458,15459,15459,15460,15460,15461,15462,15462,15463,15463,15464,15464,15465,15465,15466,15466,15467,15467,15468,15468,15469,15469,15470,15470,15471,15471,15472,15472,15473,15473,15474,15474,15475,15475,15476,15477,15477,15478,15478,15479,15479,15480,15480,15481,15481,15482,15482,15483,15483,15484,15484,15485,15485,15486,15486,15487,15487,15488,15488,15489,15489,15490,15490,15491,15491,15492,15492,15493,15493,15494,15494,15495,15495,15496,15496,15497,15498,15498,15499,15499,15500,15500,15501,15501,15502,15502,15503,15503,15504,15504,15505,15505,15506,15506,15507,15507,15508,15508,15509,15509,15510,15510,15511,15511,15512,15512,15513,15513,15514,15514,15515,15515,15516,15516,15517,15517,15518,15518,15519,15519,15520,15520,15521,15521,15522,15522,15523,15523,15524,15524,15525,15525,15526,15526,15527,15527,15528,15528,15529,15529,15530,15530,15531,15531,15532,15532,15533,15533,15534,15534,15535,15535,15536,15536,15537,15537,15538,15538,15539,15539,15540,15540,15541,15541,15542,15542,15543,15543,15544,15544,15545,15545,15546,15546,15547,15547,15548,15548,15549,15549,15550,15550,15551,15551,15552,15552,15553,15553,15554,15554,15555,15555,15556,15556,15557,15557,15558,15558,15559,15559,15560,15560,15561,15561,15562,15562,15563,15563,15563,15564,15564,15565,15565,15566,15566,15567,15567,15568,15568,15569,15569,15570,15570,15571,15571,15572,15572,15573,15573,15574,15574,15575,15575,15576,15576,15577,15577,15578,15578,15579,15579,15580,15580,15581,15581,15582,15582,15583,15583,15583,15584,15584,15585,15585,15586,15586,15587,15587,15588,15588,15589,15589,15590,15590,15591,15591,15592,15592,15593,15593,15594,15594,15595,15595,15596,15596,15597,15597,15597,15598,15598,15599,15599,15600,15600,15601,15601,15602,15602,15603,15603,15604,15604,15605,15605,15606,15606,15607,15607,15608,15608,15608,15609,15609,15610,15610,15611,15611,15612,15612,15613,15613,15614,15614,15615,15615,15616,15616,15617,15617,15618,15618,15618,15619,15619,15620,15620,15621,15621,15622,15622,15623,15623,15624,15624,15625,15625,15626,15626,15626,15627,15627,15628,15628,15629,15629,15630,15630,15631,15631,15632,15632,15633,15633,15634,15634,15634,15635,15635,15636,15636,15637,15637,15638,15638,15639,15639,15640,15640,15641,15641,15642,15642,15642,15643,15643,15644,15644,15645,15645,15646,15646,15647,15647,15648,15648,15649,15649,15649,15650,15650,15651,15651,15652,15652,15653,15653,15654,15654,15655,15655,15655,15656,15656,15657,15657,15658,15658,15659,15659,15660,15660,15661,15661,15661,15662,15662,15663,15663,15664,15664,15665,15665,15666,15666,15667,15667,15667,15668,15668,15669,15669,15670,15670,15671,15671,15672,15672,15672,15673,15673,15674,15674,15675,15675,15676,15676,15677,15677,15678,15678,15678,15679,15679,15680,15680,15681,15681,15682,15682,15683,15683,15683,15684,15684,15685,15685,15686,15686,15687,15687,15688,15688,15688,15689,15689,15690,15690,15691,15691,15692,15692,15692,15693,15693,15694,15694,15695,15695,15696,15696,15697,15697,15697,15698,15698,15699,15699,15700,15700,15701,15701,15701,15702,15702,15703,15703,15704,15704,15705,15705,15705,15706,15706,15707,15707,15708,15708,15709,15709,15710,15710,15710,15711,15711,15712,15712,15713,15713,15714,15714,15714,15715,15715,15716,15716,15717,15717,15718,15718,15718,15719,15719,15720,15720,15721,15721,15721,15722,15722,15723,15723,15724,15724,15725,15725,15725,15726,15726,15727,15727,15728,15728,15729,15729,15729,15730,15730,15731,15731,15732,15732,15732,15733,15733,15734,15734,15735,15735,15736,15736,15736,15737,15737,15738,15738,15739,15739,15739,15740,15740,15741,15741,15742,15742,15743,15743,15743,15744,15744,15745,15745,15746,15746,15746,15747,15747,15748,15748,15749,15749,15749,15750,15750,15751,15751,15752,15752,15752,15753,15753,15754,15754,15755,15755,15755,15756,15756,15757,15757,15758,15758,15759,15759,15759,15760,15760,15761,15761,15762,15762,15762,15763,15763,15764,15764,15765,15765,15765,15766,15766,15767,15767,15767,15768,15768,15769,15769,15770,15770,15770,15771,15771,15772,15772,15773,15773,15773,15774,15774,15775,15775,15776,15776,15776,15777,15777,15778,15778,15779,15779,15779,15780,15780,15781,15781,15781,15782,15782,15783,15783,15784,15784,15784,15785,15785,15786,15786,15787,15787,15787,15788,15788,15789,15789,15789,15790,15790,15791,15791,15792,15792,15792,15793,15793,15794,15794,15794,15795,15795,15796,15796,15797,15797,15797,15798,15798,15799,15799,15799,15800,15800,15801,15801,15802,15802,15802,15803,15803,15804,15804,15804,15805,15805,15806,15806,15807,15807,15807,15808,15808,15809,15809,15809,15810,15810,15811,15811,15811,15812,15812,15813,15813,15814,15814,15814,15815,15815,15816,15816,15816,15817,15817,15818,15818,15818,15819,15819,15820,15820,15820,15821,15821,15822,15822,15822,15823,15823,15824,15824,15825,15825,15825,15826,15826,15827,15827,15827,15828,15828,15829,15829,15829,15830,15830,15831,15831,15831,15832,15832,15833,15833,15833,15834,15834,15835,15835,15835,15836,15836,15837,15837,15837,15838,15838,15839,15839,15839,15840,15840,15841,15841,15841,15842,15842,15843,15843,15843,15844,15844,15845,15845,15845,15846,15846,15847,15847,15847,15848,15848,15849,15849,15849,15850,15850,15851,15851,15851,15852,15852,15853,15853,15853,15854,15854,15855,15855,15855,15856,15856,15857,15857,15857,15858,15858,15859,15859,15859,15860,15860,15861,15861,15861,15862,15862,15862,15863,15863,15864,15864,15864,15865,15865,15866,15866,15866,15867,15867,15868,15868,15868,15869,15869,15870,15870,15870,15871,15871,15871,15872,15872,15873,15873,15873,15874,15874,15875,15875,15875,15876,15876,15877,15877,15877,15878,15878,15878,15879,15879,15880,15880,15880,15881,15881,15882,15882,15882,15883,15883,15883,15884,15884,15885,15885,15885,15886,15886,15887,15887,15887,15888,15888,15888,15889,15889,15890,15890,15890,15891,15891,15892,15892,15892,15893,15893,15893,15894,15894,15895,15895,15895,15896,15896,15896,15897,15897,15898,15898,15898,15899,15899,15900,15900,15900,15901,15901,15901,15902,15902,15903,15903,15903,15904,15904,15904,15905,15905,15906,15906,15906,15907,15907,15907,15908,15908,15909,15909,15909,15910,15910,15910,15911,15911,15912,15912,15912,15913,15913,15913,15914,15914,15915,15915,15915,15916,15916,15916,15917,15917,15918,15918,15918,15919,15919,15919,15920,15920,15920,15921,15921,15922,15922,15922,15923,15923,15923,15924,15924,15925,15925,15925,15926,15926,15926,15927,15927,15927,15928,15928,15929,15929,15929,15930,15930,15930,15931,15931,15932,15932,15932,15933,15933,15933,15934,15934,15934,15935,15935,15936,15936,15936,15937,15937,15937,15938,15938,15938,15939,15939,15940,15940,15940,15941,15941,15941,15942,15942,15942,15943,15943,15944,15944,15944,15945,15945,15945,15946,15946,15946,15947,15947,15947,15948,15948,15949,15949,15949,15950,15950,15950,15951,15951,15951,15952,15952,15953,15953,15953,15954,15954,15954,15955,15955,15955,15956,15956,15956,15957,15957,15957,15958,15958,15959,15959,15959,15960,15960,15960,15961,15961,15961,15962,15962,15962,15963,15963,15964,15964,15964,15965,15965,15965,15966,15966,15966,15967,15967,15967,15968,15968,15968,15969,15969,15969,15970,15970,15971,15971,15971,15972,15972,15972,15973,15973,15973,15974,15974,15974,15975,15975,15975,15976,15976,15976,15977,15977,15978,15978,15978,15979,15979,15979,15980,15980,15980,15981,15981,15981,15982,15982,15982,15983,15983,15983,15984,15984,15984,15985,15985,15985,15986,15986,15986,15987,15987,15988,15988,15988,15989,15989,15989,15990,15990,15990,15991,15991,15991,15992,15992,15992,15993,15993,15993,15994,15994,15994,15995,15995,15995,15996,15996,15996,15997,15997,15997,15998,15998,15998,15999,15999,15999,16000,16000,16000,16001,16001,16001,16002,16002,16002,16003,16003,16003,16004,16004,16004,16005,16005,16005,16006,16006,16006,16007,16007,16007,16008,16008,16008,16009,16009,16009,16010,16010,16010,16011,16011,16011,16012,16012,16012,16013,16013,16013,16014,16014,16014,16015,16015,16015,16016,16016,16016,16017,16017,16017,16018,16018,16018,16019,16019,16019,16020,16020,16020,16021,16021,16021,16022,16022,16022,16023,16023,16023,16024,16024,16024,16025,16025,16025,16026,16026,16026,16027,16027,16027,16028,16028,16028,16029,16029,16029,16030,16030,16030,16031,16031,16031,16031,16032,16032,16032,16033,16033,16033,16034,16034,16034,16035,16035,16035,16036,16036,16036,16037,16037,16037,16038,16038,16038,16039,16039,16039,16040,16040,16040,16040,16041,16041,16041,16042,16042,16042,16043,16043,16043,16044,16044,16044,16045,16045,16045,16046,16046,16046,16047,16047,16047,16047,16048,16048,16048,16049,16049,16049,16050,16050,16050,16051,16051,16051,16052,16052,16052,16053,16053,16053,16053,16054,16054,16054,16055,16055,16055,16056,16056,16056,16057,16057,16057,16058,16058,16058,16058,16059,16059,16059,16060,16060,16060,16061,16061,16061,16062,16062,16062,16062,16063,16063,16063,16064,16064,16064,16065,16065,16065,16066,16066,16066,16066,16067,16067,16067,16068,16068,16068,16069,16069,16069,16070,16070,16070,16070,16071,16071,16071,16072,16072,16072,16073,16073,16073,16074,16074,16074,16074,16075,16075,16075,16076,16076,16076,16077,16077,16077,16077,16078,16078,16078,16079,16079,16079,16080,16080,16080,16080,16081,16081,16081,16082,16082,16082,16083,16083,16083,16083,16084,16084,16084,16085,16085,16085,16086,16086,16086,16086,16087,16087,16087,16088,16088,16088,16088,16089,16089,16089,16090,16090,16090,16091,16091,16091,16091,16092,16092,16092,16093,16093,16093,16094,16094,16094,16094,16095,16095,16095,16096,16096,16096,16096,16097,16097,16097,16098,16098,16098,16098,16099,16099,16099,16100,16100,16100,16101,16101,16101,16101,16102,16102,16102,16103,16103,16103,16103,16104,16104,16104,16105,16105,16105,16105,16106,16106,16106,16107,16107,16107,16107,16108,16108,16108,16109,16109,16109,16109,16110,16110,16110,16111,16111,16111,16111,16112,16112,16112,16113,16113,16113,16113,16114,16114,16114,16115,16115,16115,16115,16116,16116,16116,16117,16117,16117,16117,16118,16118,16118,16119,16119,16119,16119,16120,16120,16120,16120,16121,16121,16121,16122,16122,16122,16122,16123,16123,16123,16124,16124,16124,16124,16125,16125,16125,16125,16126,16126,16126,16127,16127,16127,16127,16128,16128,16128,16129,16129,16129,16129,16130,16130,16130,16130,16131,16131,16131,16132,16132,16132,16132,16133,16133,16133,16133,16134,16134,16134,16135,16135,16135,16135,16136,16136,16136,16136,16137,16137,16137,16138,16138,16138,16138,16139,16139,16139,16139,16140,16140,16140,16140,16141,16141,16141,16142,16142,16142,16142,16143,16143,16143,16143,16144,16144,16144,16145,16145,16145,16145,16146,16146,16146,16146,16147,16147,16147,16147,16148,16148,16148,16148,16149,16149,16149,16150,16150,16150,16150,16151,16151,16151,16151,16152,16152,16152,16152,16153,16153,16153,16153,16154,16154,16154,16155,16155,16155,16155,16156,16156,16156,16156,16157,16157,16157,16157,16158,16158,16158,16158,16159,16159,16159,16159,16160,16160,16160,16161,16161,16161,16161,16162,16162,16162,16162,16163,16163,16163,16163,16164,16164,16164,16164,16165,16165,16165,16165,16166,16166,16166,16166,16167,16167,16167,16167,16168,16168,16168,16168,16169,16169,16169,16169,16170,16170,16170,16170,16171,16171,16171,16171,16172,16172,16172,16172,16173,16173,16173,16173,16174,16174,16174,16174,16175,16175,16175,16175,16176,16176,16176,16176,16177,16177,16177,16177,16178,16178,16178,16178,16179,16179,16179,16179,16180,16180,16180,16180,16181,16181,16181,16181,16182,16182,16182,16182,16183,16183,16183,16183,16184,16184,16184,16184,16185,16185,16185,16185,16186,16186,16186,16186,16187,16187,16187,16187,16187,16188,16188,16188,16188,16189,16189,16189,16189,16190,16190,16190,16190,16191,16191,16191,16191,16192,16192,16192,16192,16193,16193,16193,16193,16193,16194,16194,16194,16194,16195,16195,16195,16195,16196,16196,16196,16196,16197,16197,16197,16197,16197,16198,16198,16198,16198,16199,16199,16199,16199,16200,16200,16200,16200,16201,16201,16201,16201,16201,16202,16202,16202,16202,16203,16203,16203,16203,16204,16204,16204,16204,16204,16205,16205,16205,16205,16206,16206,16206,16206,16207,16207,16207,16207,16207,16208,16208,16208,16208,16209,16209,16209,16209,16210,16210,16210,16210,16210,16211,16211,16211,16211,16212,16212,16212,16212,16212,16213,16213,16213,16213,16214,16214,16214,16214,16215,16215,16215,16215,16215,16216,16216,16216,16216,16217,16217,16217,16217,16217,16218,16218,16218,16218,16219,16219,16219,16219,16219,16220,16220,16220,16220,16221,16221,16221,16221,16221,16222,16222,16222,16222,16222,16223,16223,16223,16223,16224,16224,16224,16224,16224,16225,16225,16225,16225,16226,16226,16226,16226,16226,16227,16227,16227,16227,16227,16228,16228,16228,16228,16229,16229,16229,16229,16229,16230,16230,16230,16230,16230,16231,16231,16231,16231,16232,16232,16232,16232,16232,16233,16233,16233,16233,16233,16234,16234,16234,16234,16235,16235,16235,16235,16235,16236,16236,16236,16236,16236,16237,16237,16237,16237,16237,16238,16238,16238,16238,16238,16239,16239,16239,16239,16240,16240,16240,16240,16240,16241,16241,16241,16241,16241,16242,16242,16242,16242,16242,16243,16243,16243,16243,16243,16244,16244,16244,16244,16244,16245,16245,16245,16245,16245,16246,16246,16246,16246,16246,16247,16247,16247,16247,16247,16248,16248,16248,16248,16248,16249,16249,16249,16249,16249,16250,16250,16250,16250,16250,16251,16251,16251,16251,16251,16252,16252,16252,16252,16252,16253,16253,16253,16253,16253,16254,16254,16254,16254,16254,16255,16255,16255,16255,16255,16256,16256,16256,16256,16256,16257,16257,16257,16257,16257,16258,16258,16258,16258,16258,16259,16259,16259,16259,16259,16259,16260,16260,16260,16260,16260,16261,16261,16261,16261,16261,16262,16262,16262,16262,16262,16263,16263,16263,16263,16263,16263,16264,16264,16264,16264,16264,16265,16265,16265,16265,16265,16266,16266,16266,16266,16266,16266,16267,16267,16267,16267,16267,16268,16268,16268,16268,16268,16269,16269,16269,16269,16269,16269,16270,16270,16270,16270,16270,16271,16271,16271,16271,16271,16271,16272,16272,16272,16272,16272,16273,16273,16273,16273,16273,16273,16274,16274,16274,16274,16274,16275,16275,16275,16275,16275,16275,16276,16276,16276,16276,16276,16277,16277,16277,16277,16277,16277,16278,16278,16278,16278,16278,16278,16279,16279,16279,16279,16279,16280,16280,16280,16280,16280,16280,16281,16281,16281,16281,16281,16281,16282,16282,16282,16282,16282,16283,16283,16283,16283,16283,16283,16284,16284,16284,16284,16284,16284,16285,16285,16285,16285,16285,16285,16286,16286,16286,16286,16286,16286,16287,16287,16287,16287,16287,16287,16288,16288,16288,16288,16288,16288,16289,16289,16289,16289,16289,16289,16290,16290,16290,16290,16290,16290,16291,16291,16291,16291,16291,16291,16292,16292,16292,16292,16292,16292,16293,16293,16293,16293,16293,16293,16294,16294,16294,16294,16294,16294,16295,16295,16295,16295,16295,16295,16296,16296,16296,16296,16296,16296,16297,16297,16297,16297,16297,16297,16297,16298,16298,16298,16298,16298,16298,16299,16299,16299,16299,16299,16299,16300,16300,16300,16300,16300,16300,16301,16301,16301,16301,16301,16301,16301,16302,16302,16302,16302,16302,16302,16303,16303,16303,16303,16303,16303,16303,16304,16304,16304,16304,16304,16304,16305,16305,16305,16305,16305,16305,16305,16306,16306,16306,16306,16306,16306,16307,16307,16307,16307,16307,16307,16307,16308,16308,16308,16308,16308,16308,16308,16309,16309,16309,16309,16309,16309,16310,16310,16310,16310,16310,16310,16310,16311,16311,16311,16311,16311,16311,16311,16312,16312,16312,16312,16312,16312,16312,16313,16313,16313,16313,16313,16313,16313,16314,16314,16314,16314,16314,16314,16314,16315,16315,16315,16315,16315,16315,16315,16316,16316,16316,16316,16316,16316,16316,16317,16317,16317,16317,16317,16317,16317,16318,16318,16318,16318,16318,16318,16318,16319,16319,16319,16319,16319,16319,16319,16320,16320,16320,16320,16320,16320,16320,16320,16321,16321,16321,16321,16321,16321,16321,16322,16322,16322,16322,16322,16322,16322,16322,16323,16323,16323,16323,16323,16323,16323,16324,16324,16324,16324,16324,16324,16324,16324,16325,16325,16325,16325,16325,16325,16325,16326,16326,16326,16326,16326,16326,16326,16326,16327,16327,16327,16327,16327,16327,16327,16327,16328,16328,16328,16328,16328,16328,16328,16329,16329,16329,16329,16329,16329,16329,16329,16330,16330,16330,16330,16330,16330,16330,16330,16331,16331,16331,16331,16331,16331,16331,16331,16332,16332,16332,16332,16332,16332,16332,16332,16333,16333,16333,16333,16333,16333,16333,16333,16333,16334,16334,16334,16334,16334,16334,16334,16334,16335,16335,16335,16335,16335,16335,16335,16335,16336,16336,16336,16336,16336,16336,16336,16336,16336,16337,16337,16337,16337,16337,16337,16337,16337,16338,16338,16338,16338,16338,16338,16338,16338,16338,16339,16339,16339,16339,16339,16339,16339,16339,16339,16340,16340,16340,16340,16340,16340,16340,16340,16341,16341,16341,16341,16341,16341,16341,16341,16341,16342,16342,16342,16342,16342,16342,16342,16342,16342,16343,16343,16343,16343,16343,16343,16343,16343,16343,16343,16344,16344,16344,16344,16344,16344,16344,16344,16344,16345,16345,16345,16345,16345,16345,16345,16345,16345,16346,16346,16346,16346,16346,16346,16346,16346,16346,16346,16347,16347,16347,16347,16347,16347,16347,16347,16347,16347,16348,16348,16348,16348,16348,16348,16348,16348,16348,16349,16349,16349,16349,16349,16349,16349,16349,16349,16349,16350,16350,16350,16350,16350,16350,16350,16350,16350,16350,16351,16351,16351,16351,16351,16351,16351,16351,16351,16351,16351,16352,16352,16352,16352,16352,16352,16352,16352,16352,16352,16353,16353,16353,16353,16353,16353,16353,16353,16353,16353,16353,16354,16354,16354,16354,16354,16354,16354,16354,16354,16354,16354,16355,16355,16355,16355,16355,16355,16355,16355,16355,16355,16355,16356,16356,16356,16356,16356,16356,16356,16356,16356,16356,16356,16357,16357,16357,16357,16357,16357,16357,16357,16357,16357,16357,16358,16358,16358,16358,16358,16358,16358,16358,16358,16358,16358,16358,16359,16359,16359,16359,16359,16359,16359,16359,16359,16359,16359,16359,16360,16360,16360,16360,16360,16360,16360,16360,16360,16360,16360,16360,16361,16361,16361,16361,16361,16361,16361,16361,16361,16361,16361,16361,16362,16362,16362,16362,16362,16362,16362,16362,16362,16362,16362,16362,16362,16363,16363,16363,16363,16363,16363,16363,16363,16363,16363,16363,16363,16363,16364,16364,16364,16364,16364,16364,16364,16364,16364,16364,16364,16364,16364,16364,16365,16365,16365,16365,16365,16365,16365,16365,16365,16365,16365,16365,16365,16366,16366,16366,16366,16366,16366,16366,16366,16366,16366,16366,16366,16366,16366,16367,16367,16367,16367,16367,16367,16367,16367,16367,16367,16367,16367,16367,16367,16367,16368,16368,16368,16368,16368,16368,16368,16368,16368,16368,16368,16368,16368,16368,16368,16369,16369,16369,16369,16369,16369,16369,16369,16369,16369,16369,16369,16369,16369,16369,16369,16370,16370,16370,16370,16370,16370,16370,16370,16370,16370,16370,16370,16370,16370,16370,16370,16371,16371,16371,16371,16371,16371,16371,16371,16371,16371,16371,16371,16371,16371,16371,16371,16371,16372,16372,16372,16372,16372,16372,16372,16372,16372,16372,16372,16372,16372,16372,16372,16372,16372,16372,16373,16373,16373,16373,16373,16373,16373,16373,16373,16373,16373,16373,16373,16373,16373,16373,16373,16373,16373,16374,16374,16374,16374,16374,16374,16374,16374,16374,16374,16374,16374,16374,16374,16374,16374,16374,16374,16374,16374,16375,16375,16375,16375,16375,16375,16375,16375,16375,16375,16375,16375,16375,16375,16375,16375,16375,16375,16375,16375,16375,16376,16376,16376,16376,16376,16376,16376,16376,16376,16376,16376,16376,16376,16376,16376,16376,16376,16376,16376,16376,16376,16376,16377,16377,16377,16377,16377,16377,16377,16377,16377,16377,16377,16377,16377,16377,16377,16377,16377,16377,16377,16377,16377,16377,16377,16377,16377,16378,16378,16378,16378,16378,16378,16378,16378,16378,16378,16378,16378,16378,16378,16378,16378,16378,16378,16378,16378,16378,16378,16378,16378,16378,16378,16378,16379,16379,16379,16379,16379,16379,16379,16379,16379,16379,16379,16379,16379,16379,16379,16379,16379,16379,16379,16379,16379,16379,16379,16379,16379,16379,16379,16379,16379,16379,16379,16380,16380,16380,16380,16380,16380,16380,16380,16380,16380,16380,16380,16380,16380,16380,16380,16380,16380,16380,16380,16380,16380,16380,16380,16380,16380,16380,16380,16380,16380,16380,16380,16380,16380,16380,16380,16380,16381,16381,16381,16381,16381,16381,16381,16381,16381,16381,16381,16381,16381,16381,16381,16381,16381,16381,16381,16381,16381,16381,16381,16381,16381,16381,16381,16381,16381,16381,16381,16381,16381,16381,16381,16381,16381,16381,16381,16381,16381,16381,16381,16381,16381,16381,16381,16382,16382,16382,16382,16382,16382,16382,16382,16382,16382,16382,16382,16382,16382,16382,16382,16382,16382,16382,16382,16382,16382,16382,16382,16382,16382,16382,16382,16382,16382,16382,16382,16382,16382,16382,16382,16382,16382,16382,16382,16382,16382,16382,16382,16382,16382,16382,16382,16382,16382,16382,16382,16382,16382,16382,16382,16382,16382,16382,16382,16382,16382,16382,16382,16382,16382,16382,16382,16382,16382,16382,16382,16382,16382,16382,16382,16382,16382,16382,16382,16382,16382,16382,16382,16382,16382,16382,16382,16382,16382,16382,16382,16382,16382,16382,16382,16382,16382,16382,16382,16382,16382,16382,16382,16382,16382,16382,16382,16382,16382,16382,16382,16382,16382,16382,16383,16382,16382,16382,16382,16382,16382,16382,16382,16382,16382,16382,16382,16382,16382,16382,16382,16382,16382,16382,16382,16382,16382,16382,16382,16382,16382,16382,16382,16382,16382,16382,16382,16382,16382,16382,16382,16382,16382,16382,16382,16382,16382,16382,16382,16382,16382,16382,16382,16382,16382,16382,16382,16382,16382,16382,16382,16382,16382,16382,16382,16382,16382,16382,16382,16382,16382,16382,16382,16382,16382,16382,16382,16382,16382,16382,16382,16382,16382,16382,16382,16382,16382,16382,16382,16382,16382,16382,16382,16382,16382,16382,16382,16382,16382,16382,16382,16382,16382,16382,16382,16382,16382,16382,16382,16382,16382,16382,16382,16382,16382,16382,16382,16382,16382,16382,16381,16381,16381,16381,16381,16381,16381,16381,16381,16381,16381,16381,16381,16381,16381,16381,16381,16381,16381,16381,16381,16381,16381,16381,16381,16381,16381,16381,16381,16381,16381,16381,16381,16381,16381,16381,16381,16381,16381,16381,16381,16381,16381,16381,16381,16381,16381,16380,16380,16380,16380,16380,16380,16380,16380,16380,16380,16380,16380,16380,16380,16380,16380,16380,16380,16380,16380,16380,16380,16380,16380,16380,16380,16380,16380,16380,16380,16380,16380,16380,16380,16380,16380,16380,16379,16379,16379,16379,16379,16379,16379,16379,16379,16379,16379,16379,16379,16379,16379,16379,16379,16379,16379,16379,16379,16379,16379,16379,16379,16379,16379,16379,16379,16379,16379,16378,16378,16378,16378,16378,16378,16378,16378,16378,16378,16378,16378,16378,16378,16378,16378,16378,16378,16378,16378,16378,16378,16378,16378,16378,16378,16378,16377,16377,16377,16377,16377,16377,16377,16377,16377,16377,16377,16377,16377,16377,16377,16377,16377,16377,16377,16377,16377,16377,16377,16377,16377,16376,16376,16376,16376,16376,16376,16376,16376,16376,16376,16376,16376,16376,16376,16376,16376,16376,16376,16376,16376,16376,16376,16375,16375,16375,16375,16375,16375,16375,16375,16375,16375,16375,16375,16375,16375,16375,16375,16375,16375,16375,16375,16375,16374,16374,16374,16374,16374,16374,16374,16374,16374,16374,16374,16374,16374,16374,16374,16374,16374,16374,16374,16374,16373,16373,16373,16373,16373,16373,16373,16373,16373,16373,16373,16373,16373,16373,16373,16373,16373,16373,16373,16372,16372,16372,16372,16372,16372,16372,16372,16372,16372,16372,16372,16372,16372,16372,16372,16372,16372,16371,16371,16371,16371,16371,16371,16371,16371,16371,16371,16371,16371,16371,16371,16371,16371,16371,16370,16370,16370,16370,16370,16370,16370,16370,16370,16370,16370,16370,16370,16370,16370,16370,16369,16369,16369,16369,16369,16369,16369,16369,16369,16369,16369,16369,16369,16369,16369,16369,16368,16368,16368,16368,16368,16368,16368,16368,16368,16368,16368,16368,16368,16368,16368,16367,16367,16367,16367,16367,16367,16367,16367,16367,16367,16367,16367,16367,16367,16367,16366,16366,16366,16366,16366,16366,16366,16366,16366,16366,16366,16366,16366,16366,16365,16365,16365,16365,16365,16365,16365,16365,16365,16365,16365,16365,16365,16364,16364,16364,16364,16364,16364,16364,16364,16364,16364,16364,16364,16364,16364,16363,16363,16363,16363,16363,16363,16363,16363,16363,16363,16363,16363,16363,16362,16362,16362,16362,16362,16362,16362,16362,16362,16362,16362,16362,16362,16361,16361,16361,16361,16361,16361,16361,16361,16361,16361,16361,16361,16360,16360,16360,16360,16360,16360,16360,16360,16360,16360,16360,16360,16359,16359,16359,16359,16359,16359,16359,16359,16359,16359,16359,16359,16358,16358,16358,16358,16358,16358,16358,16358,16358,16358,16358,16358,16357,16357,16357,16357,16357,16357,16357,16357,16357,16357,16357,16356,16356,16356,16356,16356,16356,16356,16356,16356,16356,16356,16355,16355,16355,16355,16355,16355,16355,16355,16355,16355,16355,16354,16354,16354,16354,16354,16354,16354,16354,16354,16354,16354,16353,16353,16353,16353,16353,16353,16353,16353,16353,16353,16353,16352,16352,16352,16352,16352,16352,16352,16352,16352,16352,16351,16351,16351,16351,16351,16351,16351,16351,16351,16351,16351,16350,16350,16350,16350,16350,16350,16350,16350,16350,16350,16349,16349,16349,16349,16349,16349,16349,16349,16349,16349,16348,16348,16348,16348,16348,16348,16348,16348,16348,16347,16347,16347,16347,16347,16347,16347,16347,16347,16347,16346,16346,16346,16346,16346,16346,16346,16346,16346,16346,16345,16345,16345,16345,16345,16345,16345,16345,16345,16344,16344,16344,16344,16344,16344,16344,16344,16344,16343,16343,16343,16343,16343,16343,16343,16343,16343,16343,16342,16342,16342,16342,16342,16342,16342,16342,16342,16341,16341,16341,16341,16341,16341,16341,16341,16341,16340,16340,16340,16340,16340,16340,16340,16340,16339,16339,16339,16339,16339,16339,16339,16339,16339,16338,16338,16338,16338,16338,16338,16338,16338,16338,16337,16337,16337,16337,16337,16337,16337,16337,16336,16336,16336,16336,16336,16336,16336,16336,16336,16335,16335,16335,16335,16335,16335,16335,16335,16334,16334,16334,16334,16334,16334,16334,16334,16333,16333,16333,16333,16333,16333,16333,16333,16333,16332,16332,16332,16332,16332,16332,16332,16332,16331,16331,16331,16331,16331,16331,16331,16331,16330,16330,16330,16330,16330,16330,16330,16330,16329,16329,16329,16329,16329,16329,16329,16329,16328,16328,16328,16328,16328,16328,16328,16327,16327,16327,16327,16327,16327,16327,16327,16326,16326,16326,16326,16326,16326,16326,16326,16325,16325,16325,16325,16325,16325,16325,16324,16324,16324,16324,16324,16324,16324,16324,16323,16323,16323,16323,16323,16323,16323,16322,16322,16322,16322,16322,16322,16322,16322,16321,16321,16321,16321,16321,16321,16321,16320,16320,16320,16320,16320,16320,16320,16320,16319,16319,16319,16319,16319,16319,16319,16318,16318,16318,16318,16318,16318,16318,16317,16317,16317,16317,16317,16317,16317,16316,16316,16316,16316,16316,16316,16316,16315,16315,16315,16315,16315,16315,16315,16314,16314,16314,16314,16314,16314,16314,16313,16313,16313,16313,16313,16313,16313,16312,16312,16312,16312,16312,16312,16312,16311,16311,16311,16311,16311,16311,16311,16310,16310,16310,16310,16310,16310,16310,16309,16309,16309,16309,16309,16309,16308,16308,16308,16308,16308,16308,16308,16307,16307,16307,16307,16307,16307,16307,16306,16306,16306,16306,16306,16306,16305,16305,16305,16305,16305,16305,16305,16304,16304,16304,16304,16304,16304,16303,16303,16303,16303,16303,16303,16303,16302,16302,16302,16302,16302,16302,16301,16301,16301,16301,16301,16301,16301,16300,16300,16300,16300,16300,16300,16299,16299,16299,16299,16299,16299,16298,16298,16298,16298,16298,16298,16297,16297,16297,16297,16297,16297,16297,16296,16296,16296,16296,16296,16296,16295,16295,16295,16295,16295,16295,16294,16294,16294,16294,16294,16294,16293,16293,16293,16293,16293,16293,16292,16292,16292,16292,16292,16292,16291,16291,16291,16291,16291,16291,16290,16290,16290,16290,16290,16290,16289,16289,16289,16289,16289,16289,16288,16288,16288,16288,16288,16288,16287,16287,16287,16287,16287,16287,16286,16286,16286,16286,16286,16286,16285,16285,16285,16285,16285,16285,16284,16284,16284,16284,16284,16284,16283,16283,16283,16283,16283,16283,16282,16282,16282,16282,16282,16281,16281,16281,16281,16281,16281,16280,16280,16280,16280,16280,16280,16279,16279,16279,16279,16279,16278,16278,16278,16278,16278,16278,16277,16277,16277,16277,16277,16277,16276,16276,16276,16276,16276,16275,16275,16275,16275,16275,16275,16274,16274,16274,16274,16274,16273,16273,16273,16273,16273,16273,16272,16272,16272,16272,16272,16271,16271,16271,16271,16271,16271,16270,16270,16270,16270,16270,16269,16269,16269,16269,16269,16269,16268,16268,16268,16268,16268,16267,16267,16267,16267,16267,16266,16266,16266,16266,16266,16266,16265,16265,16265,16265,16265,16264,16264,16264,16264,16264,16263,16263,16263,16263,16263,16263,16262,16262,16262,16262,16262,16261,16261,16261,16261,16261,16260,16260,16260,16260,16260,16259,16259,16259,16259,16259,16259,16258,16258,16258,16258,16258,16257,16257,16257,16257,16257,16256,16256,16256,16256,16256,16255,16255,16255,16255,16255,16254,16254,16254,16254,16254,16253,16253,16253,16253,16253,16252,16252,16252,16252,16252,16251,16251,16251,16251,16251,16250,16250,16250,16250,16250,16249,16249,16249,16249,16249,16248,16248,16248,16248,16248,16247,16247,16247,16247,16247,16246,16246,16246,16246,16246,16245,16245,16245,16245,16245,16244,16244,16244,16244,16244,16243,16243,16243,16243,16243,16242,16242,16242,16242,16242,16241,16241,16241,16241,16241,16240,16240,16240,16240,16240,16239,16239,16239,16239,16238,16238,16238,16238,16238,16237,16237,16237,16237,16237,16236,16236,16236,16236,16236,16235,16235,16235,16235,16235,16234,16234,16234,16234,16233,16233,16233,16233,16233,16232,16232,16232,16232,16232,16231,16231,16231,16231,16230,16230,16230,16230,16230,16229,16229,16229,16229,16229,16228,16228,16228,16228,16227,16227,16227,16227,16227,16226,16226,16226,16226,16226,16225,16225,16225,16225,16224,16224,16224,16224,16224,16223,16223,16223,16223,16222,16222,16222,16222,16222,16221,16221,16221,16221,16221,16220,16220,16220,16220,16219,16219,16219,16219,16219,16218,16218,16218,16218,16217,16217,16217,16217,16217,16216,16216,16216,16216,16215,16215,16215,16215,16215,16214,16214,16214,16214,16213,16213,16213,16213,16212,16212,16212,16212,16212,16211,16211,16211,16211,16210,16210,16210,16210,16210,16209,16209,16209,16209,16208,16208,16208,16208,16207,16207,16207,16207,16207,16206,16206,16206,16206,16205,16205,16205,16205,16204,16204,16204,16204,16204,16203,16203,16203,16203,16202,16202,16202,16202,16201,16201,16201,16201,16201,16200,16200,16200,16200,16199,16199,16199,16199,16198,16198,16198,16198,16197,16197,16197,16197,16197,16196,16196,16196,16196,16195,16195,16195,16195,16194,16194,16194,16194,16193,16193,16193,16193,16193,16192,16192,16192,16192,16191,16191,16191,16191,16190,16190,16190,16190,16189,16189,16189,16189,16188,16188,16188,16188,16187,16187,16187,16187,16187,16186,16186,16186,16186,16185,16185,16185,16185,16184,16184,16184,16184,16183,16183,16183,16183,16182,16182,16182,16182,16181,16181,16181,16181,16180,16180,16180,16180,16179,16179,16179,16179,16178,16178,16178,16178,16177,16177,16177,16177,16176,16176,16176,16176,16175,16175,16175,16175,16174,16174,16174,16174,16173,16173,16173,16173,16172,16172,16172,16172,16171,16171,16171,16171,16170,16170,16170,16170,16169,16169,16169,16169,16168,16168,16168,16168,16167,16167,16167,16167,16166,16166,16166,16166,16165,16165,16165,16165,16164,16164,16164,16164,16163,16163,16163,16163,16162,16162,16162,16162,16161,16161,16161,16161,16160,16160,16160,16159,16159,16159,16159,16158,16158,16158,16158,16157,16157,16157,16157,16156,16156,16156,16156,16155,16155,16155,16155,16154,16154,16154,16153,16153,16153,16153,16152,16152,16152,16152,16151,16151,16151,16151,16150,16150,16150,16150,16149,16149,16149,16148,16148,16148,16148,16147,16147,16147,16147,16146,16146,16146,16146,16145,16145,16145,16145,16144,16144,16144,16143,16143,16143,16143,16142,16142,16142,16142,16141,16141,16141,16140,16140,16140,16140,16139,16139,16139,16139,16138,16138,16138,16138,16137,16137,16137,16136,16136,16136,16136,16135,16135,16135,16135,16134,16134,16134,16133,16133,16133,16133,16132,16132,16132,16132,16131,16131,16131,16130,16130,16130,16130,16129,16129,16129,16129,16128,16128,16128,16127,16127,16127,16127,16126,16126,16126,16125,16125,16125,16125,16124,16124,16124,16124,16123,16123,16123,16122,16122,16122,16122,16121,16121,16121,16120,16120,16120,16120,16119,16119,16119,16119,16118,16118,16118,16117,16117,16117,16117,16116,16116,16116,16115,16115,16115,16115,16114,16114,16114,16113,16113,16113,16113,16112,16112,16112,16111,16111,16111,16111,16110,16110,16110,16109,16109,16109,16109,16108,16108,16108,16107,16107,16107,16107,16106,16106,16106,16105,16105,16105,16105,16104,16104,16104,16103,16103,16103,16103,16102,16102,16102,16101,16101,16101,16101,16100,16100,16100,16099,16099,16099,16098,16098,16098,16098,16097,16097,16097,16096,16096,16096,16096,16095,16095,16095,16094,16094,16094,16094,16093,16093,16093,16092,16092,16092,16091,16091,16091,16091,16090,16090,16090,16089,16089,16089,16088,16088,16088,16088,16087,16087,16087,16086,16086,16086,16086,16085,16085,16085,16084,16084,16084,16083,16083,16083,16083,16082,16082,16082,16081,16081,16081,16080,16080,16080,16080,16079,16079,16079,16078,16078,16078,16077,16077,16077,16077,16076,16076,16076,16075,16075,16075,16074,16074,16074,16074,16073,16073,16073,16072,16072,16072,16071,16071,16071,16070,16070,16070,16070,16069,16069,16069,16068,16068,16068,16067,16067,16067,16066,16066,16066,16066,16065,16065,16065,16064,16064,16064,16063,16063,16063,16062,16062,16062,16062,16061,16061,16061,16060,16060,16060,16059,16059,16059,16058,16058,16058,16058,16057,16057,16057,16056,16056,16056,16055,16055,16055,16054,16054,16054,16053,16053,16053,16053,16052,16052,16052,16051,16051,16051,16050,16050,16050,16049,16049,16049,16048,16048,16048,16047,16047,16047,16047,16046,16046,16046,16045,16045,16045,16044,16044,16044,16043,16043,16043,16042,16042,16042,16041,16041,16041,16040,16040,16040,16040,16039,16039,16039,16038,16038,16038,16037,16037,16037,16036,16036,16036,16035,16035,16035,16034,16034,16034,16033,16033,16033,16032,16032,16032,16031,16031,16031,16031,16030,16030,16030,16029,16029,16029,16028,16028,16028,16027,16027,16027,16026,16026,16026,16025,16025,16025,16024,16024,16024,16023,16023,16023,16022,16022,16022,16021,16021,16021,16020,16020,16020,16019,16019,16019,16018,16018,16018,16017,16017,16017,16016,16016,16016,16015,16015,16015,16014,16014,16014,16013,16013,16013,16012,16012,16012,16011,16011,16011,16010,16010,16010,16009,16009,16009,16008,16008,16008,16007,16007,16007,16006,16006,16006,16005,16005,16005,16004,16004,16004,16003,16003,16003,16002,16002,16002,16001,16001,16001,16000,16000,16000,15999,15999,15999,15998,15998,15998,15997,15997,15997,15996,15996,15996,15995,15995,15995,15994,15994,15994,15993,15993,15993,15992,15992,15992,15991,15991,15991,15990,15990,15990,15989,15989,15989,15988,15988,15988,15987,15987,15986,15986,15986,15985,15985,15985,15984,15984,15984,15983,15983,15983,15982,15982,15982,15981,15981,15981,15980,15980,15980,15979,15979,15979,15978,15978,15978,15977,15977,15976,15976,15976,15975,15975,15975,15974,15974,15974,15973,15973,15973,15972,15972,15972,15971,15971,15971,15970,15970,15969,15969,15969,15968,15968,15968,15967,15967,15967,15966,15966,15966,15965,15965,15965,15964,15964,15964,15963,15963,15962,15962,15962,15961,15961,15961,15960,15960,15960,15959,15959,15959,15958,15958,15957,15957,15957,15956,15956,15956,15955,15955,15955,15954,15954,15954,15953,15953,15953,15952,15952,15951,15951,15951,15950,15950,15950,15949,15949,15949,15948,15948,15947,15947,15947,15946,15946,15946,15945,15945,15945,15944,15944,15944,15943,15943,15942,15942,15942,15941,15941,15941,15940,15940,15940,15939,15939,15938,15938,15938,15937,15937,15937,15936,15936,15936,15935,15935,15934,15934,15934,15933,15933,15933,15932,15932,15932,15931,15931,15930,15930,15930,15929,15929,15929,15928,15928,15927,15927,15927,15926,15926,15926,15925,15925,15925,15924,15924,15923,15923,15923,15922,15922,15922,15921,15921,15920,15920,15920,15919,15919,15919,15918,15918,15918,15917,15917,15916,15916,15916,15915,15915,15915,15914,15914,15913,15913,15913,15912,15912,15912,15911,15911,15910,15910,15910,15909,15909,15909,15908,15908,15907,15907,15907,15906,15906,15906,15905,15905,15904,15904,15904,15903,15903,15903,15902,15902,15901,15901,15901,15900,15900,15900,15899,15899,15898,15898,15898,15897,15897,15896,15896,15896,15895,15895,15895,15894,15894,15893,15893,15893,15892,15892,15892,15891,15891,15890,15890,15890,15889,15889,15888,15888,15888,15887,15887,15887,15886,15886,15885,15885,15885,15884,15884,15883,15883,15883,15882,15882,15882,15881,15881,15880,15880,15880,15879,15879,15878,15878,15878,15877,15877,15877,15876,15876,15875,15875,15875,15874,15874,15873,15873,15873,15872,15872,15871,15871,15871,15870,15870,15870,15869,15869,15868,15868,15868,15867,15867,15866,15866,15866,15865,15865,15864,15864,15864,15863,15863,15862,15862,15862,15861,15861,15861,15860,15860,15859,15859,15859,15858,15858,15857,15857,15857,15856,15856,15855,15855,15855,15854,15854,15853,15853,15853,15852,15852,15851,15851,15851,15850,15850,15849,15849,15849,15848,15848,15847,15847,15847,15846,15846,15845,15845,15845,15844,15844,15843,15843,15843,15842,15842,15841,15841,15841,15840,15840,15839,15839,15839,15838,15838,15837,15837,15837,15836,15836,15835,15835,15835,15834,15834,15833,15833,15833,15832,15832,15831,15831,15831,15830,15830,15829,15829,15829,15828,15828,15827,15827,15827,15826,15826,15825,15825,15825,15824,15824,15823,15823,15822,15822,15822,15821,15821,15820,15820,15820,15819,15819,15818,15818,15818,15817,15817,15816,15816,15816,15815,15815,15814,15814,15814,15813,15813,15812,15812,15811,15811,15811,15810,15810,15809,15809,15809,15808,15808,15807,15807,15807,15806,15806,15805,15805,15804,15804,15804,15803,15803,15802,15802,15802,15801,15801,15800,15800,15799,15799,15799,15798,15798,15797,15797,15797,15796,15796,15795,15795,15794,15794,15794,15793,15793,15792,15792,15792,15791,15791,15790,15790,15789,15789,15789,15788,15788,15787,15787,15787,15786,15786,15785,15785,15784,15784,15784,15783,15783,15782,15782,15781,15781,15781,15780,15780,15779,15779,15779,15778,15778,15777,15777,15776,15776,15776,15775,15775,15774,15774,15773,15773,15773,15772,15772,15771,15771,15770,15770,15770,15769,15769,15768,15768,15767,15767,15767,15766,15766,15765,15765,15765,15764,15764,15763,15763,15762,15762,15762,15761,15761,15760,15760,15759,15759,15759,15758,15758,15757,15757,15756,15756,15755,15755,15755,15754,15754,15753,15753,15752,15752,15752,15751,15751,15750,15750,15749,15749,15749,15748,15748,15747,15747,15746,15746,15746,15745,15745,15744,15744,15743,15743,15743,15742,15742,15741,15741,15740,15740,15739,15739,15739,15738,15738,15737,15737,15736,15736,15736,15735,15735,15734,15734,15733,15733,15732,15732,15732,15731,15731,15730,15730,15729,15729,15729,15728,15728,15727,15727,15726,15726,15725,15725,15725,15724,15724,15723,15723,15722,15722,15721,15721,15721,15720,15720,15719,15719,15718,15718,15718,15717,15717,15716,15716,15715,15715,15714,15714,15714,15713,15713,15712,15712,15711,15711,15710,15710,15710,15709,15709,15708,15708,15707,15707,15706,15706,15705,15705,15705,15704,15704,15703,15703,15702,15702,15701,15701,15701,15700,15700,15699,15699,15698,15698,15697,15697,15697,15696,15696,15695,15695,15694,15694,15693,15693,15692,15692,15692,15691,15691,15690,15690,15689,15689,15688,15688,15688,15687,15687,15686,15686,15685,15685,15684,15684,15683,15683,15683,15682,15682,15681,15681,15680,15680,15679,15679,15678,15678,15678,15677,15677,15676,15676,15675,15675,15674,15674,15673,15673,15672,15672,15672,15671,15671,15670,15670,15669,15669,15668,15668,15667,15667,15667,15666,15666,15665,15665,15664,15664,15663,15663,15662,15662,15661,15661,15661,15660,15660,15659,15659,15658,15658,15657,15657,15656,15656,15655,15655,15655,15654,15654,15653,15653,15652,15652,15651,15651,15650,15650,15649,15649,15649,15648,15648,15647,15647,15646,15646,15645,15645,15644,15644,15643,15643,15642,15642,15642,15641,15641,15640,15640,15639,15639,15638,15638,15637,15637,15636,15636,15635,15635,15634,15634,15634,15633,15633,15632,15632,15631,15631,15630,15630,15629,15629,15628,15628,15627,15627,15626,15626,15626,15625,15625,15624,15624,15623,15623,15622,15622,15621,15621,15620,15620,15619,15619,15618,15618,15618,15617,15617,15616,15616,15615,15615,15614,15614,15613,15613,15612,15612,15611,15611,15610,15610,15609,15609,15608,15608,15608,15607,15607,15606,15606,15605,15605,15604,15604,15603,15603,15602,15602,15601,15601,15600,15600,15599,15599,15598,15598,15597,15597,15597,15596,15596,15595,15595,15594,15594,15593,15593,15592,15592,15591,15591,15590,15590,15589,15589,15588,15588,15587,15587,15586,15586,15585,15585,15584,15584,15583,15583,15583,15582,15582,15581,15581,15580,15580,15579,15579,15578,15578,15577,15577,15576,15576,15575,15575,15574,15574,15573,15573,15572,15572,15571,15571,15570,15570,15569,15569,15568,15568,15567,15567,15566,15566,15565,15565,15564,15564,15563,15563,15563,15562,15562,15561,15561,15560,15560,15559,15559,15558,15558,15557,15557,15556,15556,15555,15555,15554,15554,15553,15553,15552,15552,15551,15551,15550,15550,15549,15549,15548,15548,15547,15547,15546,15546,15545,15545,15544,15544,15543,15543,15542,15542,15541,15541,15540,15540,15539,15539,15538,15538,15537,15537,15536,15536,15535,15535,15534,15534,15533,15533,15532,15532,15531,15531,15530,15530,15529,15529,15528,15528,15527,15527,15526,15526,15525,15525,15524,15524,15523,15523,15522,15522,15521,15521,15520,15520,15519,15519,15518,15518,15517,15517,15516,15516,15515,15515,15514,15514,15513,15513,15512,15512,15511,15511,15510,15510,15509,15509,15508,15508,15507,15507,15506,15506,15505,15505,15504,15504,15503,15503,15502,15502,15501,15501,15500,15500,15499,15499,15498,15498,15497,15496,15496,15495,15495,15494,15494,15493,15493,15492,15492,15491,15491,15490,15490,15489,15489,15488,15488,15487,15487,15486,15486,15485,15485,15484,15484,15483,15483,15482,15482,15481,15481,15480,15480,15479,15479,15478,15478,15477,15477,15476,15475,15475,15474,15474,15473,15473,15472,15472,15471,15471,15470,15470,15469,15469,15468,15468,15467,15467,15466,15466,15465,15465,15464,15464,15463,15463,15462,15462,15461,15460,15460,15459,15459,15458,15458,15457,15457,15456,15456,15455,15455,15454,15454,15453,15453,15452,15452,15451,15451,15450,15450,15449,15448,15448,15447,15447,15446,15446,15445,15445,15444,15444,15443,15443,15442,15442,15441,15441,15440,15440,15439,15439,15438,15437,15437,15436,15436,15435,15435,15434,15434,15433,15433,15432,15432,15431,15431,15430,15430,15429,15429,15428,15427,15427,15426,15426,15425,15425,15424,15424,15423,15423,15422,15422,15421,15421,15420,15420,15419,15418,15418,15417,15417,15416,15416,15415,15415,15414,15414,15413,15413,15412,15412,15411,15410,15410,15409,15409,15408,15408,15407,15407,15406,15406,15405,15405,15404,15404,15403,15402,15402,15401,15401,15400,15400,15399,15399,15398,15398,15397,15397,15396,15395,15395,15394,15394,15393,15393,15392,15392,15391,15391,15390,15390,15389,15389,15388,15387,15387,15386,15386,15385,15385,15384,15384,15383,15383,15382,15381,15381,15380,15380,15379,15379,15378,15378,15377,15377,15376,15376,15375,15374,15374,15373,15373,15372,15372,15371,15371,15370,15370,15369,15368,15368,15367,15367,15366,15366,15365,15365,15364,15364,15363,15362,15362,15361,15361,15360,15360,15359,15359,15358,15358,15357,15356,15356,15355,15355,15354,15354,15353,15353,15352,15352,15351,15350,15350,15349,15349,15348,15348,15347,15347,15346,15346,15345,15344,15344,15343,15343,15342,15342,15341,15341,15340,15339,15339,15338,15338,15337,15337,15336,15336,15335,15334,15334,15333,15333,15332,15332,15331,15331,15330,15329,15329,15328,15328,15327,15327,15326,15326,15325,15325,15324,15323,15323,15322,15322,15321,15321,15320,15319,15319,15318,15318,15317,15317,15316,15316,15315,15314,15314,15313,15313,15312,15312,15311,15311,15310,15309,15309,15308,15308,15307,15307,15306,15306,15305,15304,15304,15303,15303,15302,15302,15301,15300,15300,15299,15299,15298,15298,15297,15297,15296,15295,15295,15294,15294,15293,15293,15292,15291,15291,15290,15290,15289,15289,15288,15288,15287,15286,15286,15285,15285,15284,15284,15283,15282,15282,15281,15281,15280,15280,15279,15278,15278,15277,15277,15276,15276,15275,15275,15274,15273,15273,15272,15272,15271,15271,15270,15269,15269,15268,15268,15267,15267,15266,15265,15265,15264,15264,15263,15263,15262,15261,15261,15260,15260,15259,15259,15258,15257,15257,15256,15256,15255,15255,15254,15253,15253,15252,15252,15251,15251,15250,15249,15249,15248,15248,15247,15247,15246,15245,15245,15244,15244,15243,15243,15242,15241,15241,15240,15240,15239,15238,15238,15237,15237,15236,15236,15235,15234,15234,15233,15233,15232,15232,15231,15230,15230,15229,15229,15228,15227,15227,15226,15226,15225,15225,15224,15223,15223,15222,15222,15221,15221,15220,15219,15219,15218,15218,15217,15216,15216,15215,15215,15214,15214,15213,15212,15212,15211,15211,15210,15209,15209,15208,15208,15207,15207,15206,15205,15205,15204,15204,15203,15202,15202,15201,15201,15200,15200,15199,15198,15198,15197,15197,15196,15195,15195,15194,15194,15193,15192,15192,15191,15191,15190,15190,15189,15188,15188,15187,15187,15186,15185,15185,15184,15184,15183,15182,15182,15181,15181,15180,15180,15179,15178,15178,15177,15177,15176,15175,15175,15174,15174,15173,15172,15172,15171,15171,15170,15169,15169,15168,15168,15167,15166,15166,15165,15165,15164,15164,15163,15162,15162,15161,15161,15160,15159,15159,15158,15158,15157,15156,15156,15155,15155,15154,15153,15153,15152,15152,15151,15150,15150,15149,15149,15148,15147,15147,15146,15146,15145,15144,15144,15143,15143,15142,15141,15141,15140,15140,15139,15138,15138,15137,15137,15136,15135,15135,15134,15134,15133,15132,15132,15131,15131,15130,15129,15129,15128,15128,15127,15126,15126,15125,15125,15124,15123,15123,15122,15122,15121,15120,15120,15119,15119,15118,15117,15117,15116,15116,15115,15114,15114,15113,15112,15112,15111,15111,15110,15109,15109,15108,15108,15107,15106,15106,15105,15105,15104,15103,15103,15102,15102,15101,15100,15100,15099,15098,15098,15097,15097,15096,15095,15095,15094,15094,15093,15092,15092,15091,15091,15090,15089,15089,15088,15087,15087,15086,15086,15085,15084,15084,15083,15083,15082,15081,15081,15080,15080,15079,15078,15078,15077,15076,15076,15075,15075,15074,15073,15073,15072,15072,15071,15070,15070,15069,15068,15068,15067,15067,15066,15065,15065,15064,15064,15063,15062,15062,15061,15060,15060,15059,15059,15058,15057,15057,15056,15055,15055,15054,15054,15053,15052,15052,15051,15051,15050,15049,15049,15048,15047,15047,15046,15046,15045,15044,15044,15043,15042,15042,15041,15041,15040,15039,15039,15038,15037,15037,15036,15036,15035,15034,15034,15033,15032,15032,15031,15031,15030,15029,15029,15028,15027,15027,15026,15026,15025,15024,15024,15023,15022,15022,15021,15021,15020,15019,15019,15018,15017,15017,15016,15016,15015,15014,15014,15013,15012,15012,15011,15011,15010,15009,15009,15008,15007,15007,15006,15006,15005,15004,15004,15003,15002,15002,15001,15000,15000,14999,14999,14998,14997,14997,14996,14995,14995,14994,14994,14993,14992,14992,14991,14990,14990,14989,14988,14988,14987,14987,14986,14985,14985,14984,14983,14983,14982,14981,14981,14980,14980,14979,14978,14978,14977,14976,14976,14975,14974,14974,14973,14973,14972,14971,14971,14970,14969,14969,14968,14967,14967,14966,14966,14965,14964,14964,14963,14962,14962,14961,14960,14960,14959,14958,14958,14957,14957,14956,14955,14955,14954,14953,14953,14952,14951,14951,14950,14950,14949,14948,14948,14947,14946,14946,14945,14944,14944,14943,14942,14942,14941,14940,14940,14939,14939,14938,14937,14937,14936,14935,14935,14934,14933,14933,14932,14931,14931,14930,14930,14929,14928,14928,14927,14926,14926,14925,14924,14924,14923,14922,14922,14921,14920,14920,14919,14919,14918,14917,14917,14916,14915,14915,14914,14913,14913,14912,14911,14911,14910,14909,14909,14908,14907,14907,14906,14905,14905,14904,14904,14903,14902,14902,14901,14900,14900,14899,14898,14898,14897,14896,14896,14895,14894,14894,14893,14892,14892,14891,14890,14890,14889,14889,14888,14887,14887,14886,14885,14885,14884,14883,14883,14882,14881,14881,14880,14879,14879,14878,14877,14877,14876,14875,14875,14874,14873,14873,14872,14871,14871,14870,14869,14869,14868,14867,14867,14866,14865,14865,14864,14864,14863,14862,14862,14861,14860,14860,14859,14858,14858,14857,14856,14856,14855,14854,14854,14853,14852,14852,14851,14850,14850,14849,14848,14848,14847,14846,14846,14845,14844,14844,14843,14842,14842,14841,14840,14840,14839,14838,14838,14837,14836,14836,14835,14834,14834,14833,14832,14832,14831,14830,14830,14829,14828,14828,14827,14826,14826,14825,14824,14824,14823,14822,14822,14821,14820,14820,14819,14818,14818,14817,14816,14816,14815,14814,14814,14813,14812,14812,14811,14810,14810,14809,14808,14808,14807,14806,14806,14805,14804,14804,14803,14802,14801,14801,14800,14799,14799,14798,14797,14797,14796,14795,14795,14794,14793,14793,14792,14791,14791,14790,14789,14789,14788,14787,14787,14786,14785,14785,14784,14783,14783,14782,14781,14781,14780,14779,14779,14778,14777,14776,14776,14775,14774,14774,14773,14772,14772,14771,14770,14770,14769,14768,14768,14767,14766,14766,14765,14764,14764,14763,14762,14762,14761,14760,14759,14759,14758,14757,14757,14756,14755,14755,14754,14753,14753,14752,14751,14751,14750,14749,14749,14748,14747,14747,14746,14745,14744,14744,14743,14742,14742,14741,14740,14740,14739,14738,14738,14737,14736,14736,14735,14734,14733,14733,14732,14731,14731,14730,14729,14729,14728,14727,14727,14726,14725,14725,14724,14723,14722,14722,14721,14720,14720,14719,14718,14718,14717,14716,14716,14715,14714,14714,14713,14712,14711,14711,14710,14709,14709,14708,14707,14707,14706,14705,14705,14704,14703,14702,14702,14701,14700,14700,14699,14698,14698,14697,14696,14696,14695,14694,14693,14693,14692,14691,14691,14690,14689,14689,14688,14687,14686,14686,14685,14684,14684,14683,14682,14682,14681,14680,14680,14679,14678,14677,14677,14676,14675,14675,14674,14673,14673,14672,14671,14670,14670,14669,14668,14668,14667,14666,14666,14665,14664,14663,14663,14662,14661,14661,14660,14659,14659,14658,14657,14656,14656,14655,14654,14654,14653,14652,14652,14651,14650,14649,14649,14648,14647,14647,14646,14645,14644,14644,14643,14642,14642,14641,14640,14640,14639,14638,14637,14637,14636,14635,14635,14634,14633,14632,14632,14631,14630,14630,14629,14628,14628,14627,14626,14625,14625,14624,14623,14623,14622,14621,14620,14620,14619,14618,14618,14617,14616,14615,14615,14614,14613,14613,14612,14611,14611,14610,14609,14608,14608,14607,14606,14606,14605,14604,14603,14603,14602,14601,14601,14600,14599,14598,14598,14597,14596,14596,14595,14594,14593,14593,14592,14591,14591,14590,14589,14588,14588,14587,14586,14586,14585,14584,14583,14583,14582,14581,14581,14580,14579,14578,14578,14577,14576,14576,14575,14574,14573,14573,14572,14571,14571,14570,14569,14568,14568,14567,14566,14565,14565,14564,14563,14563,14562,14561,14560,14560,14559,14558,14558,14557,14556,14555,14555,14554,14553,14553,14552,14551,14550,14550,14549,14548,14547,14547,14546,14545,14545,14544,14543,14542,14542,14541,14540,14540,14539,14538,14537,14537,14536,14535,14534,14534,14533,14532,14532,14531,14530,14529,14529,14528,14527,14526,14526,14525,14524,14524,14523,14522,14521,14521,14520,14519,14518,14518,14517,14516,14516,14515,14514,14513,14513,14512,14511,14510,14510,14509,14508,14508,14507,14506,14505,14505,14504,14503,14502,14502,14501,14500,14500,14499,14498,14497,14497,14496,14495,14494,14494,14493,14492,14491,14491,14490,14489,14489,14488,14487,14486,14486,14485,14484,14483,14483,14482,14481,14480,14480,14479,14478,14478,14477,14476,14475,14475,14474,14473,14472,14472,14471,14470,14469,14469,14468,14467,14466,14466,14465,14464,14464,14463,14462,14461,14461,14460,14459,14458,14458,14457,14456,14455,14455,14454,14453,14452,14452,14451,14450,14449,14449,14448,14447,14447,14446,14445,14444,14444,14443,14442,14441,14441,14440,14439,14438,14438,14437,14436,14435,14435,14434,14433,14432,14432,14431,14430,14429,14429,14428,14427,14426,14426,14425,14424,14424,14423,14422,14421,14421,14420,14419,14418,14418,14417,14416,14415,14415,14414,14413,14412,14412,14411,14410,14409,14409,14408,14407,14406,14406,14405,14404,14403,14403,14402,14401,14400,14400,14399,14398,14397,14397,14396,14395,14394,14394,14393,14392,14391,14391,14390,14389,14388,14388,14387,14386,14385,14385,14384,14383,14382,14382,14381,14380,14379,14379,14378,14377,14376,14376,14375,14374,14373,14373,14372,14371,14370,14370,14369,14368,14367,14367,14366,14365,14364,14364,14363,14362,14361,14360,14360,14359,14358,14357,14357,14356,14355,14354,14354,14353,14352,14351,14351,14350,14349,14348,14348,14347,14346,14345,14345,14344,14343,14342,14342,14341,14340,14339,14339,14338,14337,14336,14335,14335,14334,14333,14332,14332,14331,14330,14329,14329,14328,14327,14326,14326,14325,14324,14323,14323,14322,14321,14320,14319,14319,14318,14317,14316,14316,14315,14314,14313,14313,14312,14311,14310,14310,14309,14308,14307,14306,14306,14305,14304,14303,14303,14302,14301,14300,14300,14299,14298,14297,14297,14296,14295,14294,14293,14293,14292,14291,14290,14290,14289,14288,14287,14287,14286,14285,14284,14283,14283,14282,14281,14280,14280,14279,14278,14277,14277,14276,14275,14274,14273,14273,14272,14271,14270,14270,14269,14268,14267,14267,14266,14265,14264,14263,14263,14262,14261,14260,14260,14259,14258,14257,14256,14256,14255,14254,14253,14253,14252,14251,14250,14249,14249,14248,14247,14246,14246,14245,14244,14243,14243,14242,14241,14240,14239,14239,14238,14237,14236,14236,14235,14234,14233,14232,14232,14231,14230,14229,14229,14228,14227,14226,14225,14225,14224,14223,14222,14222,14221,14220,14219,14218,14218,14217,14216,14215,14214,14214,14213,14212,14211,14211,14210,14209,14208,14207,14207,14206,14205,14204,14204,14203,14202,14201,14200,14200,14199,14198,14197,14196,14196,14195,14194,14193,14193,14192,14191,14190,14189,14189,14188,14187,14186,14185,14185,14184,14183,14182,14182,14181,14180,14179,14178,14178,14177,14176,14175,14174,14174,14173,14172,14171,14171,14170,14169,14168,14167,14167,14166,14165,14164,14163,14163,14162,14161,14160,14160,14159,14158,14157,14156,14156,14155,14154,14153,14152,14152,14151,14150,14149,14148,14148,14147,14146,14145,14144,14144,14143,14142,14141,14141,14140,14139,14138,14137,14137,14136,14135,14134,14133,14133,14132,14131,14130,14129,14129,14128,14127,14126,14125,14125,14124,14123,14122,14121,14121,14120,14119,14118,14117,14117,14116,14115,14114,14113,14113,14112,14111,14110,14109,14109,14108,14107,14106,14105,14105,14104,14103,14102,14101,14101,14100,14099,14098,14097,14097,14096,14095,14094,14093,14093,14092,14091,14090,14089,14089,14088,14087,14086,14085,14085,14084,14083,14082,14081,14081,14080,14079,14078,14077,14077,14076,14075,14074,14073,14073,14072,14071,14070,14069,14069,14068,14067,14066,14065,14065,14064,14063,14062,14061,14061,14060,14059,14058,14057,14057,14056,14055,14054,14053,14052,14052,14051,14050,14049,14048,14048,14047,14046,14045,14044,14044,14043,14042,14041,14040,14040,14039,14038,14037,14036,14035,14035,14034,14033,14032,14031,14031,14030,14029,14028,14027,14027,14026,14025,14024,14023,14023,14022,14021,14020,14019,14018,14018,14017,14016,14015,14014,14014,14013,14012,14011,14010,14010,14009,14008,14007,14006,14005,14005,14004,14003,14002,14001,14001,14000,13999,13998,13997,13996,13996,13995,13994,13993,13992,13992,13991,13990,13989,13988,13987,13987,13986,13985,13984,13983,13983,13982,13981,13980,13979,13978,13978,13977,13976,13975,13974,13974,13973,13972,13971,13970,13969,13969,13968,13967,13966,13965,13965,13964,13963,13962,13961,13960,13960,13959,13958,13957,13956,13955,13955,13954,13953,13952,13951,13951,13950,13949,13948,13947,13946,13946,13945,13944,13943,13942,13941,13941,13940,13939,13938,13937,13937,13936,13935,13934,13933,13932,13932,13931,13930,13929,13928,13927,13927,13926,13925,13924,13923,13922,13922,13921,13920,13919,13918,13918,13917,13916,13915,13914,13913,13913,13912,13911,13910,13909,13908,13908,13907,13906,13905,13904,13903,13903,13902,13901,13900,13899,13898,13898,13897,13896,13895,13894,13893,13893,13892,13891,13890,13889,13888,13888,13887,13886,13885,13884,13883,13883,13882,13881,13880,13879,13878,13878,13877,13876,13875,13874,13873,13873,13872,13871,13870,13869,13868,13868,13867,13866,13865,13864,13863,13863,13862,13861,13860,13859,13858,13858,13857,13856,13855,13854,13853,13852,13852,13851,13850,13849,13848,13847,13847,13846,13845,13844,13843,13842,13842,13841,13840,13839,13838,13837,13837,13836,13835,13834,13833,13832,13831,13831,13830,13829,13828,13827,13826,13826,13825,13824,13823,13822,13821,13821,13820,13819,13818,13817,13816,13815,13815,13814,13813,13812,13811,13810,13810,13809,13808,13807,13806,13805,13804,13804,13803,13802,13801,13800,13799,13799,13798,13797,13796,13795,13794,13793,13793,13792,13791,13790,13789,13788,13788,13787,13786,13785,13784,13783,13782,13782,13781,13780,13779,13778,13777,13777,13776,13775,13774,13773,13772,13771,13771,13770,13769,13768,13767,13766,13765,13765,13764,13763,13762,13761,13760,13759,13759,13758,13757,13756,13755,13754,13754,13753,13752,13751,13750,13749,13748,13748,13747,13746,13745,13744,13743,13742,13742,13741,13740,13739,13738,13737,13736,13736,13735,13734,13733,13732,13731,13730,13730,13729,13728,13727,13726,13725,13724,13724,13723,13722,13721,13720,13719,13718,13718,13717,13716,13715,13714,13713,13712,13712,13711,13710,13709,13708,13707,13706,13706,13705,13704,13703,13702,13701,13700,13699,13699,13698,13697,13696,13695,13694,13693,13693,13692,13691,13690,13689,13688,13687,13687,13686,13685,13684,13683,13682,13681,13681,13680,13679,13678,13677,13676,13675,13674,13674,13673,13672,13671,13670,13669,13668,13668,13667,13666,13665,13664,13663,13662,13661,13661,13660,13659,13658,13657,13656,13655,13655,13654,13653,13652,13651,13650,13649,13648,13648,13647,13646,13645,13644,13643,13642,13642,13641,13640,13639,13638,13637,13636,13635,13635,13634,13633,13632,13631,13630,13629,13628,13628,13627,13626,13625,13624,13623,13622,13621,13621,13620,13619,13618,13617,13616,13615,13614,13614,13613,13612,13611,13610,13609,13608,13607,13607,13606,13605,13604,13603,13602,13601,13600,13600,13599,13598,13597,13596,13595,13594,13593,13593,13592,13591,13590,13589,13588,13587,13586,13586,13585,13584,13583,13582,13581,13580,13579,13579,13578,13577,13576,13575,13574,13573,13572,13572,13571,13570,13569,13568,13567,13566,13565,13564,13564,13563,13562,13561,13560,13559,13558,13557,13557,13556,13555,13554,13553,13552,13551,13550,13549,13549,13548,13547,13546,13545,13544,13543,13542,13542,13541,13540,13539,13538,13537,13536,13535,13534,13534,13533,13532,13531,13530,13529,13528,13527,13526,13526,13525,13524,13523,13522,13521,13520,13519,13519,13518,13517,13516,13515,13514,13513,13512,13511,13511,13510,13509,13508,13507,13506,13505,13504,13503,13503,13502,13501,13500,13499,13498,13497,13496,13495,13495,13494,13493,13492,13491,13490,13489,13488,13487,13486,13486,13485,13484,13483,13482,13481,13480,13479,13478,13478,13477,13476,13475,13474,13473,13472,13471,13470,13470,13469,13468,13467,13466,13465,13464,13463,13462,13461,13461,13460,13459,13458,13457,13456,13455,13454,13453,13453,13452,13451,13450,13449,13448,13447,13446,13445,13444,13444,13443,13442,13441,13440,13439,13438,13437,13436,13435,13435,13434,13433,13432,13431,13430,13429,13428,13427,13426,13426,13425,13424,13423,13422,13421,13420,13419,13418,13417,13417,13416,13415,13414,13413,13412,13411,13410,13409,13408,13408,13407,13406,13405,13404,13403,13402,13401,13400,13399,13399,13398,13397,13396,13395,13394,13393,13392,13391,13390,13389,13389,13388,13387,13386,13385,13384,13383,13382,13381,13380,13380,13379,13378,13377,13376,13375,13374,13373,13372,13371,13370,13370,13369,13368,13367,13366,13365,13364,13363,13362,13361,13360,13360,13359,13358,13357,13356,13355,13354,13353,13352,13351,13350,13350,13349,13348,13347,13346,13345,13344,13343,13342,13341,13340,13340,13339,13338,13337,13336,13335,13334,13333,13332,13331,13330,13329,13329,13328,13327,13326,13325,13324,13323,13322,13321,13320,13319,13319,13318,13317,13316,13315,13314,13313,13312,13311,13310,13309,13308,13308,13307,13306,13305,13304,13303,13302,13301,13300,13299,13298,13297,13297,13296,13295,13294,13293,13292,13291,13290,13289,13288,13287,13286,13285,13285,13284,13283,13282,13281,13280,13279,13278,13277,13276,13275,13274,13274,13273,13272,13271,13270,13269,13268,13267,13266,13265,13264,13263,13262,13262,13261,13260,13259,13258,13257,13256,13255,13254,13253,13252,13251,13250,13250,13249,13248,13247,13246,13245,13244,13243,13242,13241,13240,13239,13238,13238,13237,13236,13235,13234,13233,13232,13231,13230,13229,13228,13227,13226,13226,13225,13224,13223,13222,13221,13220,13219,13218,13217,13216,13215,13214,13213,13213,13212,13211,13210,13209,13208,13207,13206,13205,13204,13203,13202,13201,13200,13200,13199,13198,13197,13196,13195,13194,13193,13192,13191,13190,13189,13188,13187,13186,13186,13185,13184,13183,13182,13181,13180,13179,13178,13177,13176,13175,13174,13173,13172,13172,13171,13170,13169,13168,13167,13166,13165,13164,13163,13162,13161,13160,13159,13158,13158,13157,13156,13155,13154,13153,13152,13151,13150,13149,13148,13147,13146,13145,13144,13143,13143,13142,13141,13140,13139,13138,13137,13136,13135,13134,13133,13132,13131,13130,13129,13128,13128,13127,13126,13125,13124,13123,13122,13121,13120,13119,13118,13117,13116,13115,13114,13113,13112,13112,13111,13110,13109,13108,13107,13106,13105,13104,13103,13102,13101,13100,13099,13098,13097,13096,13095,13095,13094,13093,13092,13091,13090,13089,13088,13087,13086,13085,13084,13083,13082,13081,13080,13079,13078,13078,13077,13076,13075,13074,13073,13072,13071,13070,13069,13068,13067,13066,13065,13064,13063,13062,13061,13060,13060,13059,13058,13057,13056,13055,13054,13053,13052,13051,13050,13049,13048,13047,13046,13045,13044,13043,13042,13041,13041,13040,13039,13038,13037,13036,13035,13034,13033,13032,13031,13030,13029,13028,13027,13026,13025,13024,13023,13022,13022,13021,13020,13019,13018,13017,13016,13015,13014,13013,13012,13011,13010,13009,13008,13007,13006,13005,13004,13003,13002,13001,13001,13000,12999,12998,12997,12996,12995,12994,12993,12992,12991,12990,12989,12988,12987,12986,12985,12984,12983,12982,12981,12980,12979,12978,12978,12977,12976,12975,12974,12973,12972,12971,12970,12969,12968,12967,12966,12965,12964,12963,12962,12961,12960,12959,12958,12957,12956,12955,12954,12954,12953,12952,12951,12950,12949,12948,12947,12946,12945,12944,12943,12942,12941,12940,12939,12938,12937,12936,12935,12934,12933,12932,12931,12930,12929,12928,12928,12927,12926,12925,12924,12923,12922,12921,12920,12919,12918,12917,12916,12915,12914,12913,12912,12911,12910,12909,12908,12907,12906,12905,12904,12903,12902,12901,12900,12900,12899,12898,12897,12896,12895,12894,12893,12892,12891,12890,12889,12888,12887,12886,12885,12884,12883,12882,12881,12880,12879,12878,12877,12876,12875,12874,12873,12872,12871,12870,12869,12868,12867,12867,12866,12865,12864,12863,12862,12861,12860,12859,12858,12857,12856,12855,12854,12853,12852,12851,12850,12849,12848,12847,12846,12845,12844,12843,12842,12841,12840,12839,12838,12837,12836,12835,12834,12833,12832,12831,12830,12829,12829,12828,12827,12826,12825,12824,12823,12822,12821,12820,12819,12818,12817,12816,12815,12814,12813,12812,12811,12810,12809,12808,12807,12806,12805,12804,12803,12802,12801,12800,12799,12798,12797,12796,12795,12794,12793,12792,12791,12790,12789,12788,12787,12786,12785,12784,12783,12782,12781,12780,12780,12779,12778,12777,12776,12775,12774,12773,12772,12771,12770,12769,12768,12767,12766,12765,12764,12763,12762,12761,12760,12759,12758,12757,12756,12755,12754,12753,12752,12751,12750,12749,12748,12747,12746,12745,12744,12743,12742,12741,12740,12739,12738,12737,12736,12735,12734,12733,12732,12731,12730,12729,12728,12727,12726,12725,12724,12723,12722,12721,12720,12719,12718,12717,12716,12715,12714,12713,12712,12711,12710,12709,12708,12707,12706,12705,12704,12703,12703,12702,12701,12700,12699,12698,12697,12696,12695,12694,12693,12692,12691,12690,12689,12688,12687,12686,12685,12684,12683,12682,12681,12680,12679,12678,12677,12676,12675,12674,12673,12672,12671,12670,12669,12668,12667,12666,12665,12664,12663,12662,12661,12660,12659,12658,12657,12656,12655,12654,12653,12652,12651,12650,12649,12648,12647,12646,12645,12644,12643,12642,12641,12640,12639,12638,12637,12636,12635,12634,12633,12632,12631,12630,12629,12628,12627,12626,12625,12624,12623,12622,12621,12620,12619,12618,12617,12616,12615,12614,12613,12612,12611,12610,12609,12608,12607,12606,12605,12604,12603,12602,12601,12600,12599,12598,12597,12596,12595,12594,12593,12592,12591,12590,12589,12588,12587,12586,12585,12584,12583,12582,12581,12580,12579,12578,12577,12576,12575,12574,12573,12572,12571,12570,12569,12568,12567,12566,12565,12564,12562,12561,12560,12559,12558,12557,12556,12555,12554,12553,12552,12551,12550,12549,12548,12547,12546,12545,12544,12543,12542,12541,12540,12539,12538,12537,12536,12535,12534,12533,12532,12531,12530,12529,12528,12527,12526,12525,12524,12523,12522,12521,12520,12519,12518,12517,12516,12515,12514,12513,12512,12511,12510,12509,12508,12507,12506,12505,12504,12503,12502,12501,12500,12499,12498,12497,12496,12495,12494,12493,12492,12491,12490,12489,12488,12487,12486,12485,12484,12482,12481,12480,12479,12478,12477,12476,12475,12474,12473,12472,12471,12470,12469,12468,12467,12466,12465,12464,12463,12462,12461,12460,12459,12458,12457,12456,12455,12454,12453,12452,12451,12450,12449,12448,12447,12446,12445,12444,12443,12442,12441,12440,12439,12438,12437,12436,12435,12434,12433,12431,12430,12429,12428,12427,12426,12425,12424,12423,12422,12421,12420,12419,12418,12417,12416,12415,12414,12413,12412,12411,12410,12409,12408,12407,12406,12405,12404,12403,12402,12401,12400,12399,12398,12397,12396,12395,12394,12393,12392,12390,12389,12388,12387,12386,12385,12384,12383,12382,12381,12380,12379,12378,12377,12376,12375,12374,12373,12372,12371,12370,12369,12368,12367,12366,12365,12364,12363,12362,12361,12360,12359,12358,12357,12355,12354,12353,12352,12351,12350,12349,12348,12347,12346,12345,12344,12343,12342,12341,12340,12339,12338,12337,12336,12335,12334,12333,12332,12331,12330,12329,12328,12327,12326,12324,12323,12322,12321,12320,12319,12318,12317,12316,12315,12314,12313,12312,12311,12310,12309,12308,12307,12306,12305,12304,12303,12302,12301,12300,12299,12298,12297,12295,12294,12293,12292,12291,12290,12289,12288,12287,12286,12285,12284,12283,12282,12281,12280,12279,12278,12277,12276,12275,12274,12273,12272,12271,12269,12268,12267,12266,12265,12264,12263,12262,12261,12260,12259,12258,12257,12256,12255,12254,12253,12252,12251,12250,12249,12248,12247,12246,12244,12243,12242,12241,12240,12239,12238,12237,12236,12235,12234,12233,12232,12231,12230,12229,12228,12227,12226,12225,12224,12223,12221,12220,12219,12218,12217,12216,12215,12214,12213,12212,12211,12210,12209,12208,12207,12206,12205,12204,12203,12202,12201,12199,12198,12197,12196,12195,12194,12193,12192,12191,12190,12189,12188,12187,12186,12185,12184,12183,12182,12181,12180,12179,12177,12176,12175,12174,12173,12172,12171,12170,12169,12168,12167,12166,12165,12164,12163,12162,12161,12160,12159,12157,12156,12155,12154,12153,12152,12151,12150,12149,12148,12147,12146,12145,12144,12143,12142,12141,12140,12139,12137,12136,12135,12134,12133,12132,12131,12130,12129,12128,12127,12126,12125,12124,12123,12122,12121,12119,12118,12117,12116,12115,12114,12113,12112,12111,12110,12109,12108,12107,12106,12105,12104,12103,12102,12100,12099,12098,12097,12096,12095,12094,12093,12092,12091,12090,12089,12088,12087,12086,12085,12084,12082,12081,12080,12079,12078,12077,12076,12075,12074,12073,12072,12071,12070,12069,12068,12067,12065,12064,12063,12062,12061,12060,12059,12058,12057,12056,12055,12054,12053,12052,12051,12050,12048,12047,12046,12045,12044,12043,12042,12041,12040,12039,12038,12037,12036,12035,12034,12032,12031,12030,12029,12028,12027,12026,12025,12024,12023,12022,12021,12020,12019,12018,12016,12015,12014,12013,12012,12011,12010,12009,12008,12007,12006,12005,12004,12003,12002,12000,11999,11998,11997,11996,11995,11994,11993,11992,11991,11990,11989,11988,11987,11985,11984,11983,11982,11981,11980,11979,11978,11977,11976,11975,11974,11973,11972,11970,11969,11968,11967,11966,11965,11964,11963,11962,11961,11960,11959,11958,11957,11955,11954,11953,11952,11951,11950,11949,11948,11947,11946,11945,11944,11943,11941,11940,11939,11938,11937,11936,11935,11934,11933,11932,11931,11930,11929,11927,11926,11925,11924,11923,11922,11921,11920,11919,11918,11917,11916,11915,11913,11912,11911,11910,11909,11908,11907,11906,11905,11904,11903,11902,11901,11899,11898,11897,11896,11895,11894,11893,11892,11891,11890,11889,11888,11886,11885,11884,11883,11882,11881,11880,11879,11878,11877,11876,11875,11874,11872,11871,11870,11869,11868,11867,11866,11865,11864,11863,11862,11861,11859,11858,11857,11856,11855,11854,11853,11852,11851,11850,11849,11847,11846,11845,11844,11843,11842,11841,11840,11839,11838,11837,11836,11834,11833,11832,11831,11830,11829,11828,11827,11826,11825,11824,11823,11821,11820,11819,11818,11817,11816,11815,11814,11813,11812,11811,11809,11808,11807,11806,11805,11804,11803,11802,11801,11800,11799,11797,11796,11795,11794,11793,11792,11791,11790,11789,11788,11787,11785,11784,11783,11782,11781,11780,11779,11778,11777,11776,11775,11773,11772,11771,11770,11769,11768,11767,11766,11765,11764,11763,11761,11760,11759,11758,11757,11756,11755,11754,11753,11752,11751,11749,11748,11747,11746,11745,11744,11743,11742,11741,11740,11738,11737,11736,11735,11734,11733,11732,11731,11730,11729,11728,11726,11725,11724,11723,11722,11721,11720,11719,11718,11717,11715,11714,11713,11712,11711,11710,11709,11708,11707,11706,11704,11703,11702,11701,11700,11699,11698,11697,11696,11695,11693,11692,11691,11690,11689,11688,11687,11686,11685,11684,11682,11681,11680,11679,11678,11677,11676,11675,11674,11673,11671,11670,11669,11668,11667,11666,11665,11664,11663,11662,11660,11659,11658,11657,11656,11655,11654,11653,11652,11650,11649,11648,11647,11646,11645,11644,11643,11642,11641,11639,11638,11637,11636,11635,11634,11633,11632,11631,11629,11628,11627,11626,11625,11624,11623,11622,11621,11620,11618,11617,11616,11615,11614,11613,11612,11611,11610,11608,11607,11606,11605,11604,11603,11602,11601,11600,11598,11597,11596,11595,11594,11593,11592,11591,11590,11588,11587,11586,11585,11584,11583,11582,11581,11580,11578,11577,11576,11575,11574,11573,11572,11571,11570,11568,11567,11566,11565,11564,11563,11562,11561,11560,11558,11557,11556,11555,11554,11553,11552,11551,11550,11548,11547,11546,11545,11544,11543,11542,11541,11540,11538,11537,11536,11535,11534,11533,11532,11531,11529,11528,11527,11526,11525,11524,11523,11522,11521,11519,11518,11517,11516,11515,11514,11513,11512,11510,11509,11508,11507,11506,11505,11504,11503,11502,11500,11499,11498,11497,11496,11495,11494,11493,11491,11490,11489,11488,11487,11486,11485,11484,11483,11481,11480,11479,11478,11477,11476,11475,11474,11472,11471,11470,11469,11468,11467,11466,11465,11463,11462,11461,11460,11459,11458,11457,11456,11454,11453,11452,11451,11450,11449,11448,11447,11445,11444,11443,11442,11441,11440,11439,11438,11437,11435,11434,11433,11432,11431,11430,11429,11428,11426,11425,11424,11423,11422,11421,11420,11418,11417,11416,11415,11414,11413,11412,11411,11409,11408,11407,11406,11405,11404,11403,11402,11400,11399,11398,11397,11396,11395,11394,11393,11391,11390,11389,11388,11387,11386,11385,11384,11382,11381,11380,11379,11378,11377,11376,11374,11373,11372,11371,11370,11369,11368,11367,11365,11364,11363,11362,11361,11360,11359,11358,11356,11355,11354,11353,11352,11351,11350,11348,11347,11346,11345,11344,11343,11342,11341,11339,11338,11337,11336,11335,11334,11333,11331,11330,11329,11328,11327,11326,11325,11324,11322,11321,11320,11319,11318,11317,11316,11314,11313,11312,11311,11310,11309,11308,11306,11305,11304,11303,11302,11301,11300,11299,11297,11296,11295,11294,11293,11292,11291,11289,11288,11287,11286,11285,11284,11283,11281,11280,11279,11278,11277,11276,11275,11273,11272,11271,11270,11269,11268,11267,11265,11264,11263,11262,11261,11260,11259,11258,11256,11255,11254,11253,11252,11251,11250,11248,11247,11246,11245,11244,11243,11242,11240,11239,11238,11237,11236,11235,11234,11232,11231,11230,11229,11228,11227,11226,11224,11223,11222,11221,11220,11219,11218,11216,11215,11214,11213,11212,11211,11209,11208,11207,11206,11205,11204,11203,11201,11200,11199,11198,11197,11196,11195,11193,11192,11191,11190,11189,11188,11187,11185,11184,11183,11182,11181,11180,11179,11177,11176,11175,11174,11173,11172,11170,11169,11168,11167,11166,11165,11164,11162,11161,11160,11159,11158,11157,11156,11154,11153,11152,11151,11150,11149,11147,11146,11145,11144,11143,11142,11141,11139,11138,11137,11136,11135,11134,11133,11131,11130,11129,11128,11127,11126,11124,11123,11122,11121,11120,11119,11118,11116,11115,11114,11113,11112,11111,11109,11108,11107,11106,11105,11104,11103,11101,11100,11099,11098,11097,11096,11094,11093,11092,11091,11090,11089,11087,11086,11085,11084,11083,11082,11081,11079,11078,11077,11076,11075,11074,11072,11071,11070,11069,11068,11067,11066,11064,11063,11062,11061,11060,11059,11057,11056,11055,11054,11053,11052,11050,11049,11048,11047,11046,11045,11043,11042,11041,11040,11039,11038,11037,11035,11034,11033,11032,11031,11030,11028,11027,11026,11025,11024,11023,11021,11020,11019,11018,11017,11016,11014,11013,11012,11011,11010,11009,11007,11006,11005,11004,11003,11002,11000,10999,10998,10997,10996,10995,10994,10992,10991,10990,10989,10988,10987,10985,10984,10983,10982,10981,10980,10978,10977,10976,10975,10974,10973,10971,10970,10969,10968,10967,10966,10964,10963,10962,10961,10960,10959,10957,10956,10955,10954,10953,10952,10950,10949,10948,10947,10946,10945,10943,10942,10941,10940,10939,10937,10936,10935,10934,10933,10932,10930,10929,10928,10927,10926,10925,10923,10922,10921,10920,10919,10918,10916,10915,10914,10913,10912,10911,10909,10908,10907,10906,10905,10904,10902,10901,10900,10899,10898,10896,10895,10894,10893,10892,10891,10889,10888,10887,10886,10885,10884,10882,10881,10880,10879,10878,10877,10875,10874,10873,10872,10871,10869,10868,10867,10866,10865,10864,10862,10861,10860,10859,10858,10857,10855,10854,10853,10852,10851,10850,10848,10847,10846,10845,10844,10842,10841,10840,10839,10838,10837,10835,10834,10833,10832,10831,10829,10828,10827,10826,10825,10824,10822,10821,10820,10819,10818,10817,10815,10814,10813,10812,10811,10809,10808,10807,10806,10805,10804,10802,10801,10800,10799,10798,10796,10795,10794,10793,10792,10791,10789,10788,10787,10786,10785,10783,10782,10781,10780,10779,10778,10776,10775,10774,10773,10772,10770,10769,10768,10767,10766,10765,10763,10762,10761,10760,10759,10757,10756,10755,10754,10753,10751,10750,10749,10748,10747,10746,10744,10743,10742,10741,10740,10738,10737,10736,10735,10734,10733,10731,10730,10729,10728,10727,10725,10724,10723,10722,10721,10719,10718,10717,10716,10715,10714,10712,10711,10710,10709,10708,10706,10705,10704,10703,10702,10700,10699,10698,10697,10696,10694,10693,10692,10691,10690,10689,10687,10686,10685,10684,10683,10681,10680,10679,10678,10677,10675,10674,10673,10672,10671,10669,10668,10667,10666,10665,10664,10662,10661,10660,10659,10658,10656,10655,10654,10653,10652,10650,10649,10648,10647,10646,10644,10643,10642,10641,10640,10638,10637,10636,10635,10634,10632,10631,10630,10629,10628,10627,10625,10624,10623,10622,10621,10619,10618,10617,10616,10615,10613,10612,10611,10610,10609,10607,10606,10605,10604,10603,10601,10600,10599,10598,10597,10595,10594,10593,10592,10591,10589,10588,10587,10586,10585,10583,10582,10581,10580,10579,10577,10576,10575,10574,10573,10571,10570,10569,10568,10567,10565,10564,10563,10562,10561,10559,10558,10557,10556,10555,10553,10552,10551,10550,10549,10547,10546,10545,10544,10543,10541,10540,10539,10538,10537,10535,10534,10533,10532,10531,10529,10528,10527,10526,10525,10523,10522,10521,10520,10519,10517,10516,10515,10514,10512,10511,10510,10509,10508,10506,10505,10504,10503,10502,10500,10499,10498,10497,10496,10494,10493,10492,10491,10490,10488,10487,10486,10485,10484,10482,10481,10480,10479,10478,10476,10475,10474,10473,10471,10470,10469,10468,10467,10465,10464,10463,10462,10461,10459,10458,10457,10456,10455,10453,10452,10451,10450,10449,10447,10446,10445,10444,10442,10441,10440,10439,10438,10436,10435,10434,10433,10432,10430,10429,10428,10427,10426,10424,10423,10422,10421,10419,10418,10417,10416,10415,10413,10412,10411,10410,10409,10407,10406,10405,10404,10402,10401,10400,10399,10398,10396,10395,10394,10393,10392,10390,10389,10388,10387,10385,10384,10383,10382,10381,10379,10378,10377,10376,10375,10373,10372,10371,10370,10368,10367,10366,10365,10364,10362,10361,10360,10359,10358,10356,10355,10354,10353,10351,10350,10349,10348,10347,10345,10344,10343,10342,10340,10339,10338,10337,10336,10334,10333,10332,10331,10329,10328,10327,10326,10325,10323,10322,10321,10320,10319,10317,10316,10315,10314,10312,10311,10310,10309,10308,10306,10305,10304,10303,10301,10300,10299,10298,10297,10295,10294,10293,10292,10290,10289,10288,10287,10286,10284,10283,10282,10281,10279,10278,10277,10276,10275,10273,10272,10271,10270,10268,10267,10266,10265,10264,10262,10261,10260,10259,10257,10256,10255,10254,10253,10251,10250,10249,10248,10246,10245,10244,10243,10241,10240,10239,10238,10237,10235,10234,10233,10232,10230,10229,10228,10227,10226,10224,10223,10222,10221,10219,10218,10217,10216,10214,10213,10212,10211,10210,10208,10207,10206,10205,10203,10202,10201,10200,10199,10197,10196,10195,10194,10192,10191,10190,10189,10187,10186,10185,10184,10183,10181,10180,10179,10178,10176,10175,10174,10173,10171,10170,10169,10168,10167,10165,10164,10163,10162,10160,10159,10158,10157,10155,10154,10153,10152,10151,10149,10148,10147,10146,10144,10143,10142,10141,10139,10138,10137,10136,10134,10133,10132,10131,10130,10128,10127,10126,10125,10123,10122,10121,10120,10118,10117,10116,10115,10113,10112,10111,10110,10109,10107,10106,10105,10104,10102,10101,10100,10099,10097,10096,10095,10094,10092,10091,10090,10089,10088,10086,10085,10084,10083,10081,10080,10079,10078,10076,10075,10074,10073,10071,10070,10069,10068,10066,10065,10064,10063,10061,10060,10059,10058,10057,10055,10054,10053,10052,10050,10049,10048,10047,10045,10044,10043,10042,10040,10039,10038,10037,10035,10034,10033,10032,10030,10029,10028,10027,10026,10024,10023,10022,10021,10019,10018,10017,10016,10014,10013,10012,10011,10009,10008,10007,10006,10004,10003,10002,10001,9999,9998,9997,9996,9994,9993,9992,9991,9989,9988,9987,9986,9984,9983,9982,9981,9979,9978,9977,9976,9974,9973,9972,9971,9970,9968,9967,9966,9965,9963,9962,9961,9960,9958,9957,9956,9955,9953,9952,9951,9950,9948,9947,9946,9945,9943,9942,9941,9940,9938,9937,9936,9935,9933,9932,9931,9930,9928,9927,9926,9925,9923,9922,9921,9920,9918,9917,9916,9915,9913,9912,9911,9910,9908,9907,9906,9905,9903,9902,9901,9900,9898,9897,9896,9895,9893,9892,9891,9890,9888,9887,9886,9885,9883,9882,9881,9880,9878,9877,9876,9875,9873,9872,9871,9870,9868,9867,9866,9864,9863,9862,9861,9859,9858,9857,9856,9854,9853,9852,9851,9849,9848,9847,9846,9844,9843,9842,9841,9839,9838,9837,9836,9834,9833,9832,9831,9829,9828,9827,9826,9824,9823,9822,9821,9819,9818,9817,9816,9814,9813,9812,9810,9809,9808,9807,9805,9804,9803,9802,9800,9799,9798,9797,9795,9794,9793,9792,9790,9789,9788,9787,9785,9784,9783,9782,9780,9779,9778,9776,9775,9774,9773,9771,9770,9769,9768,9766,9765,9764,9763,9761,9760,9759,9758,9756,9755,9754,9753,9751,9750,9749,9747,9746,9745,9744,9742,9741,9740,9739,9737,9736,9735,9734,9732,9731,9730,9729,9727,9726,9725,9723,9722,9721,9720,9718,9717,9716,9715,9713,9712,9711,9710,9708,9707,9706,9705,9703,9702,9701,9699,9698,9697,9696,9694,9693,9692,9691,9689,9688,9687,9686,9684,9683,9682,9680,9679,9678,9677,9675,9674,9673,9672,9670,9669,9668,9667,9665,9664,9663,9661,9660,9659,9658,9656,9655,9654,9653,9651,9650,9649,9647,9646,9645,9644,9642,9641,9640,9639,9637,9636,9635,9634,9632,9631,9630,9628,9627,9626,9625,9623,9622,9621,9620,9618,9617,9616,9614,9613,9612,9611,9609,9608,9607,9606,9604,9603,9602,9600,9599,9598,9597,9595,9594,9593,9592,9590,9589,9588,9586,9585,9584,9583,9581,9580,9579,9578,9576,9575,9574,9572,9571,9570,9569,9567,9566,9565,9563,9562,9561,9560,9558,9557,9556,9555,9553,9552,9551,9549,9548,9547,9546,9544,9543,9542,9541,9539,9538,9537,9535,9534,9533,9532,9530,9529,9528,9526,9525,9524,9523,9521,9520,9519,9518,9516,9515,9514,9512,9511,9510,9509,9507,9506,9505,9503,9502,9501,9500,9498,9497,9496,9495,9493,9492,9491,9489,9488,9487,9486,9484,9483,9482,9480,9479,9478,9477,9475,9474,9473,9471,9470,9469,9468,9466,9465,9464,9462,9461,9460,9459,9457,9456,9455,9454,9452,9451,9450,9448,9447,9446,9445,9443,9442,9441,9439,9438,9437,9436,9434,9433,9432,9430,9429,9428,9427,9425,9424,9423,9421,9420,9419,9418,9416,9415,9414,9412,9411,9410,9409,9407,9406,9405,9403,9402,9401,9400,9398,9397,9396,9394,9393,9392,9391,9389,9388,9387,9385,9384,9383,9382,9380,9379,9378,9376,9375,9374,9373,9371,9370,9369,9367,9366,9365,9363,9362,9361,9360,9358,9357,9356,9354,9353,9352,9351,9349,9348,9347,9345,9344,9343,9342,9340,9339,9338,9336,9335,9334,9333,9331,9330,9329,9327,9326,9325,9323,9322,9321,9320,9318,9317,9316,9314,9313,9312,9311,9309,9308,9307,9305,9304,9303,9302,9300,9299,9298,9296,9295,9294,9292,9291,9290,9289,9287,9286,9285,9283,9282,9281,9280,9278,9277,9276,9274,9273,9272,9270,9269,9268,9267,9265,9264,9263,9261,9260,9259,9258,9256,9255,9254,9252,9251,9250,9248,9247,9246,9245,9243,9242,9241,9239,9238,9237,9235,9234,9233,9232,9230,9229,9228,9226,9225,9224,9223,9221,9220,9219,9217,9216,9215,9213,9212,9211,9210,9208,9207,9206,9204,9203,9202,9200,9199,9198,9197,9195,9194,9193,9191,9190,9189,9187,9186,9185,9184,9182,9181,9180,9178,9177,9176,9174,9173,9172,9171,9169,9168,9167,9165,9164,9163,9161,9160,9159,9157,9156,9155,9154,9152,9151,9150,9148,9147,9146,9144,9143,9142,9141,9139,9138,9137,9135,9134,9133,9131,9130,9129,9128,9126,9125,9124,9122,9121,9120,9118,9117,9116,9114,9113,9112,9111,9109,9108,9107,9105,9104,9103,9101,9100,9099,9097,9096,9095,9094,9092,9091,9090,9088,9087,9086,9084,9083,9082,9081,9079,9078,9077,9075,9074,9073,9071,9070,9069,9067,9066,9065,9063,9062,9061,9060,9058,9057,9056,9054,9053,9052,9050,9049,9048,9046,9045,9044,9043,9041,9040,9039,9037,9036,9035,9033,9032,9031,9029,9028,9027,9026,9024,9023,9022,9020,9019,9018,9016,9015,9014,9012,9011,9010,9008,9007,9006,9005,9003,9002,9001,8999,8998,8997,8995,8994,8993,8991,8990,8989,8987,8986,8985,8984,8982,8981,8980,8978,8977,8976,8974,8973,8972,8970,8969,8968,8966,8965,8964,8963,8961,8960,8959,8957,8956,8955,8953,8952,8951,8949,8948,8947,8945,8944,8943,8941,8940,8939,8938,8936,8935,8934,8932,8931,8930,8928,8927,8926,8924,8923,8922,8920,8919,8918,8916,8915,8914,8912,8911,8910,8909,8907,8906,8905,8903,8902,8901,8899,8898,8897,8895,8894,8893,8891,8890,8889,8887,8886,8885,8883,8882,8881,8880,8878,8877,8876,8874,8873,8872,8870,8869,8868,8866,8865,8864,8862,8861,8860,8858,8857,8856,8854,8853,8852,8850,8849,8848,8846,8845,8844,8843,8841,8840,8839,8837,8836,8835,8833,8832,8831,8829,8828,8827,8825,8824,8823,8821,8820,8819,8817,8816,8815,8813,8812,8811,8809,8808,8807,8805,8804,8803,8801,8800,8799,8798,8796,8795,8794,8792,8791,8790,8788,8787,8786,8784,8783,8782,8780,8779,8778,8776,8775,8774,8772,8771,8770,8768,8767,8766,8764,8763,8762,8760,8759,8758,8756,8755,8754,8752,8751,8750,8748,8747,8746,8744,8743,8742,8740,8739,8738,8736,8735,8734,8732,8731,8730,8729,8727,8726,8725,8723,8722,8721,8719,8718,8717,8715,8714,8713,8711,8710,8709,8707,8706,8705,8703,8702,8701,8699,8698,8697,8695,8694,8693,8691,8690,8689,8687,8686,8685,8683,8682,8681,8679,8678,8677,8675,8674,8673,8671,8670,8669,8667,8666,8665,8663,8662,8661,8659,8658,8657,8655,8654,8653,8651,8650,8649,8647,8646,8645,8643,8642,8641,8639,8638,8637,8635,8634,8633,8631,8630,8629,8627,8626,8625,8623,8622,8621,8619,8618,8617,8615,8614,8613,8611,8610,8609,8607,8606,8605,8603,8602,8601,8599,8598,8597,8595,8594,8593,8591,8590,8589,8587,8586,8584,8583,8582,8580,8579,8578,8576,8575,8574,8572,8571,8570,8568,8567,8566,8564,8563,8562,8560,8559,8558,8556,8555,8554,8552,8551,8550,8548,8547,8546,8544,8543,8542,8540,8539,8538,8536,8535,8534,8532,8531,8530,8528,8527,8526,8524,8523,8522,8520,8519,8518,8516,8515,8513,8512,8511,8509,8508,8507,8505,8504,8503,8501,8500,8499,8497,8496,8495,8493,8492,8491,8489,8488,8487,8485,8484,8483,8481,8480,8479,8477,8476,8475,8473,8472,8470,8469,8468,8466,8465,8464,8462,8461,8460,8458,8457,8456,8454,8453,8452,8450,8449,8448,8446,8445,8444,8442,8441,8440,8438,8437,8436,8434,8433,8431,8430,8429,8427,8426,8425,8423,8422,8421,8419,8418,8417,8415,8414,8413,8411,8410,8409,8407,8406,8405,8403,8402,8400,8399,8398,8396,8395,8394,8392,8391,8390,8388,8387,8386,8384,8383,8382,8380,8379,8378,8376,8375,8373,8372,8371,8369,8368,8367,8365,8364,8363,8361,8360,8359,8357,8356,8355,8353,8352,8351,8349,8348,8346,8345,8344,8342,8341,8340,8338,8337,8336,8334,8333,8332,8330,8329,8328,8326,8325,8323,8322,8321,8319,8318,8317,8315,8314,8313,8311,8310,8309,8307,8306,8305,8303,8302,8300,8299,8298,8296,8295,8294,8292,8291,8290,8288,8287,8286,8284,8283,8282,8280,8279,8277,8276,8275,8273,8272,8271,8269,8268,8267,8265,8264,8263,8261,8260,8258,8257,8256,8254,8253,8252,8250,8249,8248,8246,8245,8244,8242,8241,8239,8238,8237,8235,8234,8233,8231,8230,8229,8227,8226,8225,8223,8222,8220,8219,8218,8216,8215,8214,8212,8211,8210,8208,8207,8206,8204,8203,8201,8200,8199,8197,8196,8195,8193,8192,8191,8189,8188,8186,8185,8184,8182,8181,8180,8178,8177,8176,8174,8173,8171,8170,8169,8167,8166,8165,8163,8162,8161,8159,8158,8157,8155,8154,8152,8151,8150,8148,8147,8146,8144,8143,8142,8140,8139,8137,8136,8135,8133,8132,8131,8129,8128,8127,8125,8124,8122,8121,8120,8118,8117,8116,8114,8113,8112,8110,8109,8107,8106,8105,8103,8102,8101,8099,8098,8097,8095,8094,8092,8091,8090,8088,8087,8086,8084,8083,8081,8080,8079,8077,8076,8075,8073,8072,8071,8069,8068,8066,8065,8064,8062,8061,8060,8058,8057,8056,8054,8053,8051,8050,8049,8047,8046,8045,8043,8042,8040,8039,8038,8036,8035,8034,8032,8031,8030,8028,8027,8025,8024,8023,8021,8020,8019,8017,8016,8014,8013,8012,8010,8009,8008,8006,8005,8003,8002,8001,7999,7998,7997,7995,7994,7993,7991,7990,7988,7987,7986,7984,7983,7982,7980,7979,7977,7976,7975,7973,7972,7971,7969,7968,7966,7965,7964,7962,7961,7960,7958,7957,7955,7954,7953,7951,7950,7949,7947,7946,7944,7943,7942,7940,7939,7938,7936,7935,7933,7932,7931,7929,7928,7927,7925,7924,7922,7921,7920,7918,7917,7916,7914,7913,7911,7910,7909,7907,7906,7905,7903,7902,7900,7899,7898,7896,7895,7894,7892,7891,7889,7888,7887,7885,7884,7883,7881,7880,7878,7877,7876,7874,7873,7872,7870,7869,7867,7866,7865,7863,7862,7861,7859,7858,7856,7855,7854,7852,7851,7850,7848,7847,7845,7844,7843,7841,7840,7839,7837,7836,7834,7833,7832,7830,7829,7827,7826,7825,7823,7822,7821,7819,7818,7816,7815,7814,7812,7811,7810,7808,7807,7805,7804,7803,7801,7800,7798,7797,7796,7794,7793,7792,7790,7789,7787,7786,7785,7783,7782,7781,7779,7778,7776,7775,7774,7772,7771,7769,7768,7767,7765,7764,7763,7761,7760,7758,7757,7756,7754,7753,7751,7750,7749,7747,7746,7745,7743,7742,7740,7739,7738,7736,7735,7733,7732,7731,7729,7728,7727,7725,7724,7722,7721,7720,7718,7717,7715,7714,7713,7711,7710,7709,7707,7706,7704,7703,7702,7700,7699,7697,7696,7695,7693,7692,7691,7689,7688,7686,7685,7684,7682,7681,7679,7678,7677,7675,7674,7672,7671,7670,7668,7667,7666,7664,7663,7661,7660,7659,7657,7656,7654,7653,7652,7650,7649,7647,7646,7645,7643,7642,7641,7639,7638,7636,7635,7634,7632,7631,7629,7628,7627,7625,7624,7622,7621,7620,7618,7617,7616,7614,7613,7611,7610,7609,7607,7606,7604,7603,7602,7600,7599,7597,7596,7595,7593,7592,7590,7589,7588,7586,7585,7584,7582,7581,7579,7578,7577,7575,7574,7572,7571,7570,7568,7567,7565,7564,7563,7561,7560,7558,7557,7556,7554,7553,7551,7550,7549,7547,7546,7545,7543,7542,7540,7539,7538,7536,7535,7533,7532,7531,7529,7528,7526,7525,7524,7522,7521,7519,7518,7517,7515,7514,7512,7511,7510,7508,7507,7505,7504,7503,7501,7500,7498,7497,7496,7494,7493,7491,7490,7489,7487,7486,7484,7483,7482,7480,7479,7478,7476,7475,7473,7472,7471,7469,7468,7466,7465,7464,7462,7461,7459,7458,7457,7455,7454,7452,7451,7450,7448,7447,7445,7444,7443,7441,7440,7438,7437,7436,7434,7433,7431,7430,7429,7427,7426,7424,7423,7422,7420,7419,7417,7416,7415,7413,7412,7410,7409,7408,7406,7405,7403,7402,7401,7399,7398,7396,7395,7394,7392,7391,7389,7388,7387,7385,7384,7382,7381,7380,7378,7377,7375,7374,7372,7371,7370,7368,7367,7365,7364,7363,7361,7360,7358,7357,7356,7354,7353,7351,7350,7349,7347,7346,7344,7343,7342,7340,7339,7337,7336,7335,7333,7332,7330,7329,7328,7326,7325,7323,7322,7321,7319,7318,7316,7315,7314,7312,7311,7309,7308,7306,7305,7304,7302,7301,7299,7298,7297,7295,7294,7292,7291,7290,7288,7287,7285,7284,7283,7281,7280,7278,7277,7276,7274,7273,7271,7270,7269,7267,7266,7264,7263,7261,7260,7259,7257,7256,7254,7253,7252,7250,7249,7247,7246,7245,7243,7242,7240,7239,7238,7236,7235,7233,7232,7230,7229,7228,7226,7225,7223,7222,7221,7219,7218,7216,7215,7214,7212,7211,7209,7208,7207,7205,7204,7202,7201,7199,7198,7197,7195,7194,7192,7191,7190,7188,7187,7185,7184,7183,7181,7180,7178,7177,7175,7174,7173,7171,7170,7168,7167,7166,7164,7163,7161,7160,7159,7157,7156,7154,7153,7151,7150,7149,7147,7146,7144,7143,7142,7140,7139,7137,7136,7134,7133,7132,7130,7129,7127,7126,7125,7123,7122,7120,7119,7118,7116,7115,7113,7112,7110,7109,7108,7106,7105,7103,7102,7101,7099,7098,7096,7095,7093,7092,7091,7089,7088,7086,7085,7084,7082,7081,7079,7078,7076,7075,7074,7072,7071,7069,7068,7067,7065,7064,7062,7061,7059,7058,7057,7055,7054,7052,7051,7050,7048,7047,7045,7044,7042,7041,7040,7038,7037,7035,7034,7033,7031,7030,7028,7027,7025,7024,7023,7021,7020,7018,7017,7015,7014,7013,7011,7010,7008,7007,7006,7004,7003,7001,7000,6998,6997,6996,6994,6993,6991,6990,6989,6987,6986,6984,6983,6981,6980,6979,6977,6976,6974,6973,6971,6970,6969,6967,6966,6964,6963,6962,6960,6959,6957,6956,6954,6953,6952,6950,6949,6947,6946,6944,6943,6942,6940,6939,6937,6936,6934,6933,6932,6930,6929,6927,6926,6925,6923,6922,6920,6919,6917,6916,6915,6913,6912,6910,6909,6907,6906,6905,6903,6902,6900,6899,6897,6896,6895,6893,6892,6890,6889,6887,6886,6885,6883,6882,6880,6879,6878,6876,6875,6873,6872,6870,6869,6868,6866,6865,6863,6862,6860,6859,6858,6856,6855,6853,6852,6850,6849,6848,6846,6845,6843,6842,6840,6839,6838,6836,6835,6833,6832,6830,6829,6828,6826,6825,6823,6822,6820,6819,6818,6816,6815,6813,6812,6810,6809,6808,6806,6805,6803,6802,6800,6799,6798,6796,6795,6793,6792,6790,6789,6788,6786,6785,6783,6782,6780,6779,6778,6776,6775,6773,6772,6770,6769,6768,6766,6765,6763,6762,6760,6759,6758,6756,6755,6753,6752,6750,6749,6748,6746,6745,6743,6742,6740,6739,6738,6736,6735,6733,6732,6730,6729,6727,6726,6725,6723,6722,6720,6719,6717,6716,6715,6713,6712,6710,6709,6707,6706,6705,6703,6702,6700,6699,6697,6696,6695,6693,6692,6690,6689,6687,6686,6684,6683,6682,6680,6679,6677,6676,6674,6673,6672,6670,6669,6667,6666,6664,6663,6662,6660,6659,6657,6656,6654,6653,6651,6650,6649,6647,6646,6644,6643,6641,6640,6639,6637,6636,6634,6633,6631,6630,6629,6627,6626,6624,6623,6621,6620,6618,6617,6616,6614,6613,6611,6610,6608,6607,6606,6604,6603,6601,6600,6598,6597,6595,6594,6593,6591,6590,6588,6587,6585,6584,6583,6581,6580,6578,6577,6575,6574,6572,6571,6570,6568,6567,6565,6564,6562,6561,6559,6558,6557,6555,6554,6552,6551,6549,6548,6547,6545,6544,6542,6541,6539,6538,6536,6535,6534,6532,6531,6529,6528,6526,6525,6523,6522,6521,6519,6518,6516,6515,6513,6512,6511,6509,6508,6506,6505,6503,6502,6500,6499,6498,6496,6495,6493,6492,6490,6489,6487,6486,6485,6483,6482,6480,6479,6477,6476,6474,6473,6472,6470,6469,6467,6466,6464,6463,6461,6460,6459,6457,6456,6454,6453,6451,6450,6448,6447,6446,6444,6443,6441,6440,6438,6437,6435,6434,6433,6431,6430,6428,6427,6425,6424,6422,6421,6420,6418,6417,6415,6414,6412,6411,6409,6408,6407,6405,6404,6402,6401,6399,6398,6396,6395,6394,6392,6391,6389,6388,6386,6385,6383,6382,6381,6379,6378,6376,6375,6373,6372,6370,6369,6368,6366,6365,6363,6362,6360,6359,6357,6356,6355,6353,6352,6350,6349,6347,6346,6344,6343,6341,6340,6339,6337,6336,6334,6333,6331,6330,6328,6327,6326,6324,6323,6321,6320,6318,6317,6315,6314,6313,6311,6310,6308,6307,6305,6304,6302,6301,6299,6298,6297,6295,6294,6292,6291,6289,6288,6286,6285,6284,6282,6281,6279,6278,6276,6275,6273,6272,6270,6269,6268,6266,6265,6263,6262,6260,6259,6257,6256,6254,6253,6252,6250,6249,6247,6246,6244,6243,6241,6240,6239,6237,6236,6234,6233,6231,6230,6228,6227,6225,6224,6223,6221,6220,6218,6217,6215,6214,6212,6211,6209,6208,6207,6205,6204,6202,6201,6199,6198,6196,6195,6193,6192,6191,6189,6188,6186,6185,6183,6182,6180,6179,6177,6176,6175,6173,6172,6170,6169,6167,6166,6164,6163,6161,6160,6159,6157,6156,6154,6153,6151,6150,6148,6147,6145,6144,6143,6141,6140,6138,6137,6135,6134,6132,6131,6129,6128,6127,6125,6124,6122,6121,6119,6118,6116,6115,6113,6112,6110,6109,6108,6106,6105,6103,6102,6100,6099,6097,6096,6094,6093,6092,6090,6089,6087,6086,6084,6083,6081,6080,6078,6077,6075,6074,6073,6071,6070,6068,6067,6065,6064,6062,6061,6059,6058,6057,6055,6054,6052,6051,6049,6048,6046,6045,6043,6042,6040,6039,6038,6036,6035,6033,6032,6030,6029,6027,6026,6024,6023,6021,6020,6019,6017,6016,6014,6013,6011,6010,6008,6007,6005,6004,6002,6001,6000,5998,5997,5995,5994,5992,5991,5989,5988,5986,5985,5983,5982,5981,5979,5978,5976,5975,5973,5972,5970,5969,5967,5966,5964,5963,5962,5960,5959,5957,5956,5954,5953,5951,5950,5948,5947,5945,5944,5943,5941,5940,5938,5937,5935,5934,5932,5931,5929,5928,5926,5925,5923,5922,5921,5919,5918,5916,5915,5913,5912,5910,5909,5907,5906,5904,5903,5902,5900,5899,5897,5896,5894,5893,5891,5890,5888,5887,5885,5884,5882,5881,5880,5878,5877,5875,5874,5872,5871,5869,5868,5866,5865,5863,5862,5860,5859,5858,5856,5855,5853,5852,5850,5849,5847,5846,5844,5843,5841,5840,5838,5837,5836,5834,5833,5831,5830,5828,5827,5825,5824,5822,5821,5819,5818,5816,5815,5814,5812,5811,5809,5808,5806,5805,5803,5802,5800,5799,5797,5796,5794,5793,5791,5790,5789,5787,5786,5784,5783,5781,5780,5778,5777,5775,5774,5772,5771,5769,5768,5766,5765,5764,5762,5761,5759,5758,5756,5755,5753,5752,5750,5749,5747,5746,5744,5743,5741,5740,5739,5737,5736,5734,5733,5731,5730,5728,5727,5725,5724,5722,5721,5719,5718,5716,5715,5714,5712,5711,5709,5708,5706,5705,5703,5702,5700,5699,5697,5696,5694,5693,5691,5690,5688,5687,5686,5684,5683,5681,5680,5678,5677,5675,5674,5672,5671,5669,5668,5666,5665,5663,5662,5661,5659,5658,5656,5655,5653,5652,5650,5649,5647,5646,5644,5643,5641,5640,5638,5637,5635,5634,5632,5631,5630,5628,5627,5625,5624,5622,5621,5619,5618,5616,5615,5613,5612,5610,5609,5607,5606,5604,5603,5602,5600,5599,5597,5596,5594,5593,5591,5590,5588,5587,5585,5584,5582,5581,5579,5578,5576,5575,5573,5572,5570,5569,5568,5566,5565,5563,5562,5560,5559,5557,5556,5554,5553,5551,5550,5548,5547,5545,5544,5542,5541,5539,5538,5537,5535,5534,5532,5531,5529,5528,5526,5525,5523,5522,5520,5519,5517,5516,5514,5513,5511,5510,5508,5507,5505,5504,5502,5501,5500,5498,5497,5495,5494,5492,5491,5489,5488,5486,5485,5483,5482,5480,5479,5477,5476,5474,5473,5471,5470,5468,5467,5465,5464,5463,5461,5460,5458,5457,5455,5454,5452,5451,5449,5448,5446,5445,5443,5442,5440,5439,5437,5436,5434,5433,5431,5430,5428,5427,5425,5424,5423,5421,5420,5418,5417,5415,5414,5412,5411,5409,5408,5406,5405,5403,5402,5400,5399,5397,5396,5394,5393,5391,5390,5388,5387,5385,5384,5382,5381,5380,5378,5377,5375,5374,5372,5371,5369,5368,5366,5365,5363,5362,5360,5359,5357,5356,5354,5353,5351,5350,5348,5347,5345,5344,5342,5341,5339,5338,5336,5335,5334,5332,5331,5329,5328,5326,5325,5323,5322,5320,5319,5317,5316,5314,5313,5311,5310,5308,5307,5305,5304,5302,5301,5299,5298,5296,5295,5293,5292,5290,5289,5287,5286,5284,5283,5282,5280,5279,5277,5276,5274,5273,5271,5270,5268,5267,5265,5264,5262,5261,5259,5258,5256,5255,5253,5252,5250,5249,5247,5246,5244,5243,5241,5240,5238,5237,5235,5234,5232,5231,5229,5228,5226,5225,5223,5222,5221,5219,5218,5216,5215,5213,5212,5210,5209,5207,5206,5204,5203,5201,5200,5198,5197,5195,5194,5192,5191,5189,5188,5186,5185,5183,5182,5180,5179,5177,5176,5174,5173,5171,5170,5168,5167,5165,5164,5162,5161,5159,5158,5156,5155,5153,5152,5150,5149,5147,5146,5145,5143,5142,5140,5139,5137,5136,5134,5133,5131,5130,5128,5127,5125,5124,5122,5121,5119,5118,5116,5115,5113,5112,5110,5109,5107,5106,5104,5103,5101,5100,5098,5097,5095,5094,5092,5091,5089,5088,5086,5085,5083,5082,5080,5079,5077,5076,5074,5073,5071,5070,5068,5067,5065,5064,5062,5061,5059,5058,5056,5055,5053,5052,5050,5049,5047,5046,5044,5043,5042,5040,5039,5037,5036,5034,5033,5031,5030,5028,5027,5025,5024,5022,5021,5019,5018,5016,5015,5013,5012,5010,5009,5007,5006,5004,5003,5001,5000,4998,4997,4995,4994,4992,4991,4989,4988,4986,4985,4983,4982,4980,4979,4977,4976,4974,4973,4971,4970,4968,4967,4965,4964,4962,4961,4959,4958,4956,4955,4953,4952,4950,4949,4947,4946,4944,4943,4941,4940,4938,4937,4935,4934,4932,4931,4929,4928,4926,4925,4923,4922,4920,4919,4917,4916,4914,4913,4911,4910,4908,4907,4905,4904,4902,4901,4899,4898,4896,4895,4893,4892,4890,4889,4887,4886,4884,4883,4881,4880,4878,4877,4875,4874,4872,4871,4869,4868,4866,4865,4863,4862,4860,4859,4857,4856,4854,4853,4851,4850,4848,4847,4845,4844,4842,4841,4839,4838,4836,4835,4833,4832,4830,4829,4827,4826,4824,4823,4821,4820,4818,4817,4815,4814,4812,4811,4809,4808,4806,4805,4803,4802,4800,4799,4797,4796,4794,4793,4791,4790,4788,4787,4785,4784,4782,4781,4779,4778,4776,4775,4773,4772,4770,4769,4767,4766,4764,4763,4761,4760,4758,4757,4755,4754,4752,4751,4749,4748,4746,4745,4743,4742,4740,4739,4737,4736,4734,4733,4731,4730,4728,4727,4725,4724,4722,4721,4719,4718,4716,4715,4713,4712,4710,4709,4707,4706,4704,4703,4701,4700,4698,4697,4695,4694,4692,4691,4689,4688,4686,4685,4683,4682,4680,4679,4677,4676,4674,4672,4671,4669,4668,4666,4665,4663,4662,4660,4659,4657,4656,4654,4653,4651,4650,4648,4647,4645,4644,4642,4641,4639,4638,4636,4635,4633,4632,4630,4629,4627,4626,4624,4623,4621,4620,4618,4617,4615,4614,4612,4611,4609,4608,4606,4605,4603,4602,4600,4599,4597,4596,4594,4593,4591,4590,4588,4587,4585,4584,4582,4581,4579,4578,4576,4575,4573,4572,4570,4569,4567,4566,4564,4562,4561,4559,4558,4556,4555,4553,4552,4550,4549,4547,4546,4544,4543,4541,4540,4538,4537,4535,4534,4532,4531,4529,4528,4526,4525,4523,4522,4520,4519,4517,4516,4514,4513,4511,4510,4508,4507,4505,4504,4502,4501,4499,4498,4496,4495,4493,4492,4490,4489,4487,4485,4484,4482,4481,4479,4478,4476,4475,4473,4472,4470,4469,4467,4466,4464,4463,4461,4460,4458,4457,4455,4454,4452,4451,4449,4448,4446,4445,4443,4442,4440,4439,4437,4436,4434,4433,4431,4430,4428,4427,4425,4424,4422,4421,4419,4417,4416,4414,4413,4411,4410,4408,4407,4405,4404,4402,4401,4399,4398,4396,4395,4393,4392,4390,4389,4387,4386,4384,4383,4381,4380,4378,4377,4375,4374,4372,4371,4369,4368,4366,4365,4363,4361,4360,4358,4357,4355,4354,4352,4351,4349,4348,4346,4345,4343,4342,4340,4339,4337,4336,4334,4333,4331,4330,4328,4327,4325,4324,4322,4321,4319,4318,4316,4315,4313,4312,4310,4308,4307,4305,4304,4302,4301,4299,4298,4296,4295,4293,4292,4290,4289,4287,4286,4284,4283,4281,4280,4278,4277,4275,4274,4272,4271,4269,4268,4266,4265,4263,4261,4260,4258,4257,4255,4254,4252,4251,4249,4248,4246,4245,4243,4242,4240,4239,4237,4236,4234,4233,4231,4230,4228,4227,4225,4224,4222,4221,4219,4217,4216,4214,4213,4211,4210,4208,4207,4205,4204,4202,4201,4199,4198,4196,4195,4193,4192,4190,4189,4187,4186,4184,4183,4181,4180,4178,4176,4175,4173,4172,4170,4169,4167,4166,4164,4163,4161,4160,4158,4157,4155,4154,4152,4151,4149,4148,4146,4145,4143,4142,4140,4139,4137,4135,4134,4132,4131,4129,4128,4126,4125,4123,4122,4120,4119,4117,4116,4114,4113,4111,4110,4108,4107,4105,4104,4102,4100,4099,4097,4096,4094,4093,4091,4090,4088,4087,4085,4084,4082,4081,4079,4078,4076,4075,4073,4072,4070,4069,4067,4066,4064,4062,4061,4059,4058,4056,4055,4053,4052,4050,4049,4047,4046,4044,4043,4041,4040,4038,4037,4035,4034,4032,4031,4029,4027,4026,4024,4023,4021,4020,4018,4017,4015,4014,4012,4011,4009,4008,4006,4005,4003,4002,4000,3999,3997,3995,3994,3992,3991,3989,3988,3986,3985,3983,3982,3980,3979,3977,3976,3974,3973,3971,3970,3968,3967,3965,3963,3962,3960,3959,3957,3956,3954,3953,3951,3950,3948,3947,3945,3944,3942,3941,3939,3938,3936,3935,3933,3931,3930,3928,3927,3925,3924,3922,3921,3919,3918,3916,3915,3913,3912,3910,3909,3907,3906,3904,3902,3901,3899,3898,3896,3895,3893,3892,3890,3889,3887,3886,3884,3883,3881,3880,3878,3877,3875,3874,3872,3870,3869,3867,3866,3864,3863,3861,3860,3858,3857,3855,3854,3852,3851,3849,3848,3846,3844,3843,3841,3840,3838,3837,3835,3834,3832,3831,3829,3828,3826,3825,3823,3822,3820,3819,3817,3815,3814,3812,3811,3809,3808,3806,3805,3803,3802,3800,3799,3797,3796,3794,3793,3791,3790,3788,3786,3785,3783,3782,3780,3779,3777,3776,3774,3773,3771,3770,3768,3767,3765,3764,3762,3760,3759,3757,3756,3754,3753,3751,3750,3748,3747,3745,3744,3742,3741,3739,3738,3736,3734,3733,3731,3730,3728,3727,3725,3724,3722,3721,3719,3718,3716,3715,3713,3712,3710,3708,3707,3705,3704,3702,3701,3699,3698,3696,3695,3693,3692,3690,3689,3687,3686,3684,3682,3681,3679,3678,3676,3675,3673,3672,3670,3669,3667,3666,3664,3663,3661,3659,3658,3656,3655,3653,3652,3650,3649,3647,3646,3644,3643,3641,3640,3638,3637,3635,3633,3632,3630,3629,3627,3626,3624,3623,3621,3620,3618,3617,3615,3614,3612,3610,3609,3607,3606,3604,3603,3601,3600,3598,3597,3595,3594,3592,3591,3589,3588,3586,3584,3583,3581,3580,3578,3577,3575,3574,3572,3571,3569,3568,3566,3565,3563,3561,3560,3558,3557,3555,3554,3552,3551,3549,3548,3546,3545,3543,3542,3540,3538,3537,3535,3534,3532,3531,3529,3528,3526,3525,3523,3522,3520,3519,3517,3515,3514,3512,3511,3509,3508,3506,3505,3503,3502,3500,3499,3497,3495,3494,3492,3491,3489,3488,3486,3485,3483,3482,3480,3479,3477,3476,3474,3472,3471,3469,3468,3466,3465,3463,3462,3460,3459,3457,3456,3454,3453,3451,3449,3448,3446,3445,3443,3442,3440,3439,3437,3436,3434,3433,3431,3429,3428,3426,3425,3423,3422,3420,3419,3417,3416,3414,3413,3411,3410,3408,3406,3405,3403,3402,3400,3399,3397,3396,3394,3393,3391,3390,3388,3386,3385,3383,3382,3380,3379,3377,3376,3374,3373,3371,3370,3368,3366,3365,3363,3362,3360,3359,3357,3356,3354,3353,3351,3350,3348,3346,3345,3343,3342,3340,3339,3337,3336,3334,3333,3331,3330,3328,3327,3325,3323,3322,3320,3319,3317,3316,3314,3313,3311,3310,3308,3307,3305,3303,3302,3300,3299,3297,3296,3294,3293,3291,3290,3288,3287,3285,3283,3282,3280,3279,3277,3276,3274,3273,3271,3270,3268,3266,3265,3263,3262,3260,3259,3257,3256,3254,3253,3251,3250,3248,3246,3245,3243,3242,3240,3239,3237,3236,3234,3233,3231,3230,3228,3226,3225,3223,3222,3220,3219,3217,3216,3214,3213,3211,3210,3208,3206,3205,3203,3202,3200,3199,3197,3196,3194,3193,3191,3190,3188,3186,3185,3183,3182,3180,3179,3177,3176,3174,3173,3171,3169,3168,3166,3165,3163,3162,3160,3159,3157,3156,3154,3153,3151,3149,3148,3146,3145,3143,3142,3140,3139,3137,3136,3134,3132,3131,3129,3128,3126,3125,3123,3122,3120,3119,3117,3116,3114,3112,3111,3109,3108,3106,3105,3103,3102,3100,3099,3097,3095,3094,3092,3091,3089,3088,3086,3085,3083,3082,3080,3079,3077,3075,3074,3072,3071,3069,3068,3066,3065,3063,3062,3060,3058,3057,3055,3054,3052,3051,3049,3048,3046,3045,3043,3041,3040,3038,3037,3035,3034,3032,3031,3029,3028,3026,3024,3023,3021,3020,3018,3017,3015,3014,3012,3011,3009,3008,3006,3004,3003,3001,3000,2998,2997,2995,2994,2992,2991,2989,2987,2986,2984,2983,2981,2980,2978,2977,2975,2974,2972,2970,2969,2967,2966,2964,2963,2961,2960,2958,2957,2955,2953,2952,2950,2949,2947,2946,2944,2943,2941,2940,2938,2936,2935,2933,2932,2930,2929,2927,2926,2924,2923,2921,2919,2918,2916,2915,2913,2912,2910,2909,2907,2906,2904,2902,2901,2899,2898,2896,2895,2893,2892,2890,2889,2887,2885,2884,2882,2881,2879,2878,2876,2875,2873,2872,2870,2868,2867,2865,2864,2862,2861,2859,2858,2856,2855,2853,2851,2850,2848,2847,2845,2844,2842,2841,2839,2838,2836,2834,2833,2831,2830,2828,2827,2825,2824,2822,2820,2819,2817,2816,2814,2813,2811,2810,2808,2807,2805,2803,2802,2800,2799,2797,2796,2794,2793,2791,2790,2788,2786,2785,2783,2782,2780,2779,2777,2776,2774,2773,2771,2769,2768,2766,2765,2763,2762,2760,2759,2757,2755,2754,2752,2751,2749,2748,2746,2745,2743,2742,2740,2738,2737,2735,2734,2732,2731,2729,2728,2726,2725,2723,2721,2720,2718,2717,2715,2714,2712,2711,2709,2707,2706,2704,2703,2701,2700,2698,2697,2695,2694,2692,2690,2689,2687,2686,2684,2683,2681,2680,2678,2676,2675,2673,2672,2670,2669,2667,2666,2664,2663,2661,2659,2658,2656,2655,2653,2652,2650,2649,2647,2645,2644,2642,2641,2639,2638,2636,2635,2633,2632,2630,2628,2627,2625,2624,2622,2621,2619,2618,2616,2614,2613,2611,2610,2608,2607,2605,2604,2602,2601,2599,2597,2596,2594,2593,2591,2590,2588,2587,2585,2583,2582,2580,2579,2577,2576,2574,2573,2571,2570,2568,2566,2565,2563,2562,2560,2559,2557,2556,2554,2552,2551,2549,2548,2546,2545,2543,2542,2540,2538,2537,2535,2534,2532,2531,2529,2528,2526,2525,2523,2521,2520,2518,2517,2515,2514,2512,2511,2509,2507,2506,2504,2503,2501,2500,2498,2497,2495,2493,2492,2490,2489,2487,2486,2484,2483,2481,2479,2478,2476,2475,2473,2472,2470,2469,2467,2466,2464,2462,2461,2459,2458,2456,2455,2453,2452,2450,2448,2447,2445,2444,2442,2441,2439,2438,2436,2434,2433,2431,2430,2428,2427,2425,2424,2422,2420,2419,2417,2416,2414,2413,2411,2410,2408,2406,2405,2403,2402,2400,2399,2397,2396,2394,2393,2391,2389,2388,2386,2385,2383,2382,2380,2379,2377,2375,2374,2372,2371,2369,2368,2366,2365,2363,2361,2360,2358,2357,2355,2354,2352,2351,2349,2347,2346,2344,2343,2341,2340,2338,2337,2335,2333,2332,2330,2329,2327,2326,2324,2323,2321,2319,2318,2316,2315,2313,2312,2310,2309,2307,2305,2304,2302,2301,2299,2298,2296,2295,2293,2291,2290,2288,2287,2285,2284,2282,2281,2279,2277,2276,2274,2273,2271,2270,2268,2267,2265,2263,2262,2260,2259,2257,2256,2254,2253,2251,2249,2248,2246,2245,2243,2242,2240,2239,2237,2235,2234,2232,2231,2229,2228,2226,2225,2223,2221,2220,2218,2217,2215,2214,2212,2211,2209,2207,2206,2204,2203,2201,2200,2198,2197,2195,2193,2192,2190,2189,2187,2186,2184,2183,2181,2179,2178,2176,2175,2173,2172,2170,2169,2167,2165,2164,2162,2161,2159,2158,2156,2155,2153,2151,2150,2148,2147,2145,2144,2142,2141,2139,2137,2136,2134,2133,2131,2130,2128,2126,2125,2123,2122,2120,2119,2117,2116,2114,2112,2111,2109,2108,2106,2105,2103,2102,2100,2098,2097,2095,2094,2092,2091,2089,2088,2086,2084,2083,2081,2080,2078,2077,2075,2074,2072,2070,2069,2067,2066,2064,2063,2061,2060,2058,2056,2055,2053,2052,2050,2049,2047,2045,2044,2042,2041,2039,2038,2036,2035,2033,2031,2030,2028,2027,2025,2024,2022,2021,2019,2017,2016,2014,2013,2011,2010,2008,2007,2005,2003,2002,2000,1999,1997,1996,1994,1992,1991,1989,1988,1986,1985,1983,1982,1980,1978,1977,1975,1974,1972,1971,1969,1968,1966,1964,1963,1961,1960,1958,1957,1955,1954,1952,1950,1949,1947,1946,1944,1943,1941,1939,1938,1936,1935,1933,1932,1930,1929,1927,1925,1924,1922,1921,1919,1918,1916,1915,1913,1911,1910,1908,1907,1905,1904,1902,1900,1899,1897,1896,1894,1893,1891,1890,1888,1886,1885,1883,1882,1880,1879,1877,1876,1874,1872,1871,1869,1868,1866,1865,1863,1861,1860,1858,1857,1855,1854,1852,1851,1849,1847,1846,1844,1843,1841,1840,1838,1836,1835,1833,1832,1830,1829,1827,1826,1824,1822,1821,1819,1818,1816,1815,1813,1812,1810,1808,1807,1805,1804,1802,1801,1799,1797,1796,1794,1793,1791,1790,1788,1787,1785,1783,1782,1780,1779,1777,1776,1774,1772,1771,1769,1768,1766,1765,1763,1762,1760,1758,1757,1755,1754,1752,1751,1749,1747,1746,1744,1743,1741,1740,1738,1737,1735,1733,1732,1730,1729,1727,1726,1724,1723,1721,1719,1718,1716,1715,1713,1712,1710,1708,1707,1705,1704,1702,1701,1699,1698,1696,1694,1693,1691,1690,1688,1687,1685,1683,1682,1680,1679,1677,1676,1674,1673,1671,1669,1668,1666,1665,1663,1662,1660,1658,1657,1655,1654,1652,1651,1649,1648,1646,1644,1643,1641,1640,1638,1637,1635,1633,1632,1630,1629,1627,1626,1624,1623,1621,1619,1618,1616,1615,1613,1612,1610,1608,1607,1605,1604,1602,1601,1599,1597,1596,1594,1593,1591,1590,1588,1587,1585,1583,1582,1580,1579,1577,1576,1574,1572,1571,1569,1568,1566,1565,1563,1562,1560,1558,1557,1555,1554,1552,1551,1549,1547,1546,1544,1543,1541,1540,1538,1537,1535,1533,1532,1530,1529,1527,1526,1524,1522,1521,1519,1518,1516,1515,1513,1512,1510,1508,1507,1505,1504,1502,1501,1499,1497,1496,1494,1493,1491,1490,1488,1486,1485,1483,1482,1480,1479,1477,1476,1474,1472,1471,1469,1468,1466,1465,1463,1461,1460,1458,1457,1455,1454,1452,1450,1449,1447,1446,1444,1443,1441,1440,1438,1436,1435,1433,1432,1430,1429,1427,1425,1424,1422,1421,1419,1418,1416,1415,1413,1411,1410,1408,1407,1405,1404,1402,1400,1399,1397,1396,1394,1393,1391,1389,1388,1386,1385,1383,1382,1380,1379,1377,1375,1374,1372,1371,1369,1368,1366,1364,1363,1361,1360,1358,1357,1355,1353,1352,1350,1349,1347,1346,1344,1343,1341,1339,1338,1336,1335,1333,1332,1330,1328,1327,1325,1324,1322,1321,1319,1317,1316,1314,1313,1311,1310,1308,1307,1305,1303,1302,1300,1299,1297,1296,1294,1292,1291,1289,1288,1286,1285,1283,1281,1280,1278,1277,1275,1274,1272,1270,1269,1267,1266,1264,1263,1261,1260,1258,1256,1255,1253,1252,1250,1249,1247,1245,1244,1242,1241,1239,1238,1236,1234,1233,1231,1230,1228,1227,1225,1224,1222,1220,1219,1217,1216,1214,1213,1211,1209,1208,1206,1205,1203,1202,1200,1198,1197,1195,1194,1192,1191,1189,1187,1186,1184,1183,1181,1180,1178,1177,1175,1173,1172,1170,1169,1167,1166,1164,1162,1161,1159,1158,1156,1155,1153,1151,1150,1148,1147,1145,1144,1142,1140,1139,1137,1136,1134,1133,1131,1130,1128,1126,1125,1123,1122,1120,1119,1117,1115,1114,1112,1111,1109,1108,1106,1104,1103,1101,1100,1098,1097,1095,1093,1092,1090,1089,1087,1086,1084,1082,1081,1079,1078,1076,1075,1073,1072,1070,1068,1067,1065,1064,1062,1061,1059,1057,1056,1054,1053,1051,1050,1048,1046,1045,1043,1042,1040,1039,1037,1035,1034,1032,1031,1029,1028,1026,1024,1023,1021,1020,1018,1017,1015,1014,1012,1010,1009,1007,1006,1004,1003,1001,999,998,996,995,993,992,990,988,987,985,984,982,981,979,977,976,974,973,971,970,968,966,965,963,962,960,959,957,956,954,952,951,949,948,946,945,943,941,940,938,937,935,934,932,930,929,927,926,924,923,921,919,918,916,915,913,912,910,908,907,905,904,902,901,899,897,896,894,893,891,890,888,887,885,883,882,880,879,877,876,874,872,871,869,868,866,865,863,861,860,858,857,855,854,852,850,849,847,846,844,843,841,839,838,836,835,833,832,830,828,827,825,824,822,821,819,817,816,814,813,811,810,808,807,805,803,802,800,799,797,796,794,792,791,789,788,786,785,783,781,780,778,777,775,774,772,770,769,767,766,764,763,761,759,758,756,755,753,752,750,748,747,745,744,742,741,739,737,736,734,733,731,730,728,726,725,723,722,720,719,717,716,714,712,711,709,708,706,705,703,701,700,698,697,695,694,692,690,689,687,686,684,683,681,679,678,676,675,673,672,670,668,667,665,664,662,661,659,657,656,654,653,651,650,648,646,645,643,642,640,639,637,635,634,632,631,629,628,626,624,623,621,620,618,617,615,614,612,610,609,607,606,604,603,601,599,598,596,595,593,592,590,588,587,585,584,582,581,579,577,576,574,573,571,570,568,566,565,563,562,560,559,557,555,554,552,551,549,548,546,544,543,541,540,538,537,535,533,532,530,529,527,526,524,522,521,519,518,516,515,513,511,510,508,507,505,504,502,500,499,497,496,494,493,491,489,488,486,485,483,482,480,478,477,475,474,472,471,469,468,466,464,463,461,460,458,457,455,453,452,450,449,447,446,444,442,441,439,438,436,435,433,431,430,428,427,425,424,422,420,419,417,416,414,413,411,409,408,406,405,403,402,400,398,397,395,394,392,391,389,387,386,384,383,381,380,378,376,375,373,372,370,369,367,365,364,362,361,359,358,356,354,353,351,350,348,347,345,343,342,340,339,337,336,334,332,331,329,328,326,325,323,321,320,318,317,315,314,312,310,309,307,306,304,303,301,299,298,296,295,293,292,290,288,287,285,284,282,281,279,278,276,274,273,271,270,268,267,265,263,262,260,259,257,256,254,252,251,249,248,246,245,243,241,240,238,237,235,234,232,230,229,227,226,224,223,221,219,218,216,215,213,212,210,208,207,205,204,202,201,199,197,196,194,193,191,190,188,186,185,183,182,180,179,177,175,174,172,171,169,168,166,164,163,161,160,158,157,155,153,152,150,149,147,146,144,142,141,139,138,136,135,133,131,130,128,127,125,124,122,120,119,117,116,114,113,111,109,108,106,105,103,102,100,98,97,95,94,92,91,89,87,86,84,83,81,80,78,76,75,73,72,70,69,67,65,64,62,61,59,58,56,54,53,51,50,48,47,45,43,42,40,39,37,36,34,32,31,29,28,26,25,23,21,20,18,17,15,14,12,10,9,7,6,4,3,1,0,-1,-3,-4,-6,-7,-9,-10,-12,-14,-15,-17,-18,-20,-21,-23,-25,-26,-28,-29,-31,-32,-34,-36,-37,-39,-40,-42,-43,-45,-47,-48,-50,-51,-53,-54,-56,-58,-59,-61,-62,-64,-65,-67,-69,-70,-72,-73,-75,-76,-78,-80,-81,-83,-84,-86,-87,-89,-91,-92,-94,-95,-97,-98,-100,-102,-103,-105,-106,-108,-109,-111,-113,-114,-116,-117,-119,-120,-122,-124,-125,-127,-128,-130,-131,-133,-135,-136,-138,-139,-141,-142,-144,-146,-147,-149,-150,-152,-153,-155,-157,-158,-160,-161,-163,-164,-166,-168,-169,-171,-172,-174,-175,-177,-179,-180,-182,-183,-185,-186,-188,-190,-191,-193,-194,-196,-197,-199,-201,-202,-204,-205,-207,-208,-210,-212,-213,-215,-216,-218,-219,-221,-223,-224,-226,-227,-229,-230,-232,-234,-235,-237,-238,-240,-241,-243,-245,-246,-248,-249,-251,-252,-254,-256,-257,-259,-260,-262,-263,-265,-267,-268,-270,-271,-273,-274,-276,-278,-279,-281,-282,-284,-285,-287,-288,-290,-292,-293,-295,-296,-298,-299,-301,-303,-304,-306,-307,-309,-310,-312,-314,-315,-317,-318,-320,-321,-323,-325,-326,-328,-329,-331,-332,-334,-336,-337,-339,-340,-342,-343,-345,-347,-348,-350,-351,-353,-354,-356,-358,-359,-361,-362,-364,-365,-367,-369,-370,-372,-373,-375,-376,-378,-380,-381,-383,-384,-386,-387,-389,-391,-392,-394,-395,-397,-398,-400,-402,-403,-405,-406,-408,-409,-411,-413,-414,-416,-417,-419,-420,-422,-424,-425,-427,-428,-430,-431,-433,-435,-436,-438,-439,-441,-442,-444,-446,-447,-449,-450,-452,-453,-455,-457,-458,-460,-461,-463,-464,-466,-468,-469,-471,-472,-474,-475,-477,-478,-480,-482,-483,-485,-486,-488,-489,-491,-493,-494,-496,-497,-499,-500,-502,-504,-505,-507,-508,-510,-511,-513,-515,-516,-518,-519,-521,-522,-524,-526,-527,-529,-530,-532,-533,-535,-537,-538,-540,-541,-543,-544,-546,-548,-549,-551,-552,-554,-555,-557,-559,-560,-562,-563,-565,-566,-568,-570,-571,-573,-574,-576,-577,-579,-581,-582,-584,-585,-587,-588,-590,-592,-593,-595,-596,-598,-599,-601,-603,-604,-606,-607,-609,-610,-612,-614,-615,-617,-618,-620,-621,-623,-624,-626,-628,-629,-631,-632,-634,-635,-637,-639,-640,-642,-643,-645,-646,-648,-650,-651,-653,-654,-656,-657,-659,-661,-662,-664,-665,-667,-668,-670,-672,-673,-675,-676,-678,-679,-681,-683,-684,-686,-687,-689,-690,-692,-694,-695,-697,-698,-700,-701,-703,-705,-706,-708,-709,-711,-712,-714,-716,-717,-719,-720,-722,-723,-725,-726,-728,-730,-731,-733,-734,-736,-737,-739,-741,-742,-744,-745,-747,-748,-750,-752,-753,-755,-756,-758,-759,-761,-763,-764,-766,-767,-769,-770,-772,-774,-775,-777,-778,-780,-781,-783,-785,-786,-788,-789,-791,-792,-794,-796,-797,-799,-800,-802,-803,-805,-807,-808,-810,-811,-813,-814,-816,-817,-819,-821,-822,-824,-825,-827,-828,-830,-832,-833,-835,-836,-838,-839,-841,-843,-844,-846,-847,-849,-850,-852,-854,-855,-857,-858,-860,-861,-863,-865,-866,-868,-869,-871,-872,-874,-876,-877,-879,-880,-882,-883,-885,-887,-888,-890,-891,-893,-894,-896,-897,-899,-901,-902,-904,-905,-907,-908,-910,-912,-913,-915,-916,-918,-919,-921,-923,-924,-926,-927,-929,-930,-932,-934,-935,-937,-938,-940,-941,-943,-945,-946,-948,-949,-951,-952,-954,-956,-957,-959,-960,-962,-963,-965,-966,-968,-970,-971,-973,-974,-976,-977,-979,-981,-982,-984,-985,-987,-988,-990,-992,-993,-995,-996,-998,-999,-1001,-1003,-1004,-1006,-1007,-1009,-1010,-1012,-1014,-1015,-1017,-1018,-1020,-1021,-1023,-1024,-1026,-1028,-1029,-1031,-1032,-1034,-1035,-1037,-1039,-1040,-1042,-1043,-1045,-1046,-1048,-1050,-1051,-1053,-1054,-1056,-1057,-1059,-1061,-1062,-1064,-1065,-1067,-1068,-1070,-1072,-1073,-1075,-1076,-1078,-1079,-1081,-1082,-1084,-1086,-1087,-1089,-1090,-1092,-1093,-1095,-1097,-1098,-1100,-1101,-1103,-1104,-1106,-1108,-1109,-1111,-1112,-1114,-1115,-1117,-1119,-1120,-1122,-1123,-1125,-1126,-1128,-1130,-1131,-1133,-1134,-1136,-1137,-1139,-1140,-1142,-1144,-1145,-1147,-1148,-1150,-1151,-1153,-1155,-1156,-1158,-1159,-1161,-1162,-1164,-1166,-1167,-1169,-1170,-1172,-1173,-1175,-1177,-1178,-1180,-1181,-1183,-1184,-1186,-1187,-1189,-1191,-1192,-1194,-1195,-1197,-1198,-1200,-1202,-1203,-1205,-1206,-1208,-1209,-1211,-1213,-1214,-1216,-1217,-1219,-1220,-1222,-1224,-1225,-1227,-1228,-1230,-1231,-1233,-1234,-1236,-1238,-1239,-1241,-1242,-1244,-1245,-1247,-1249,-1250,-1252,-1253,-1255,-1256,-1258,-1260,-1261,-1263,-1264,-1266,-1267,-1269,-1270,-1272,-1274,-1275,-1277,-1278,-1280,-1281,-1283,-1285,-1286,-1288,-1289,-1291,-1292,-1294,-1296,-1297,-1299,-1300,-1302,-1303,-1305,-1307,-1308,-1310,-1311,-1313,-1314,-1316,-1317,-1319,-1321,-1322,-1324,-1325,-1327,-1328,-1330,-1332,-1333,-1335,-1336,-1338,-1339,-1341,-1343,-1344,-1346,-1347,-1349,-1350,-1352,-1353,-1355,-1357,-1358,-1360,-1361,-1363,-1364,-1366,-1368,-1369,-1371,-1372,-1374,-1375,-1377,-1379,-1380,-1382,-1383,-1385,-1386,-1388,-1389,-1391,-1393,-1394,-1396,-1397,-1399,-1400,-1402,-1404,-1405,-1407,-1408,-1410,-1411,-1413,-1415,-1416,-1418,-1419,-1421,-1422,-1424,-1425,-1427,-1429,-1430,-1432,-1433,-1435,-1436,-1438,-1440,-1441,-1443,-1444,-1446,-1447,-1449,-1450,-1452,-1454,-1455,-1457,-1458,-1460,-1461,-1463,-1465,-1466,-1468,-1469,-1471,-1472,-1474,-1476,-1477,-1479,-1480,-1482,-1483,-1485,-1486,-1488,-1490,-1491,-1493,-1494,-1496,-1497,-1499,-1501,-1502,-1504,-1505,-1507,-1508,-1510,-1512,-1513,-1515,-1516,-1518,-1519,-1521,-1522,-1524,-1526,-1527,-1529,-1530,-1532,-1533,-1535,-1537,-1538,-1540,-1541,-1543,-1544,-1546,-1547,-1549,-1551,-1552,-1554,-1555,-1557,-1558,-1560,-1562,-1563,-1565,-1566,-1568,-1569,-1571,-1572,-1574,-1576,-1577,-1579,-1580,-1582,-1583,-1585,-1587,-1588,-1590,-1591,-1593,-1594,-1596,-1597,-1599,-1601,-1602,-1604,-1605,-1607,-1608,-1610,-1612,-1613,-1615,-1616,-1618,-1619,-1621,-1623,-1624,-1626,-1627,-1629,-1630,-1632,-1633,-1635,-1637,-1638,-1640,-1641,-1643,-1644,-1646,-1648,-1649,-1651,-1652,-1654,-1655,-1657,-1658,-1660,-1662,-1663,-1665,-1666,-1668,-1669,-1671,-1673,-1674,-1676,-1677,-1679,-1680,-1682,-1683,-1685,-1687,-1688,-1690,-1691,-1693,-1694,-1696,-1698,-1699,-1701,-1702,-1704,-1705,-1707,-1708,-1710,-1712,-1713,-1715,-1716,-1718,-1719,-1721,-1723,-1724,-1726,-1727,-1729,-1730,-1732,-1733,-1735,-1737,-1738,-1740,-1741,-1743,-1744,-1746,-1747,-1749,-1751,-1752,-1754,-1755,-1757,-1758,-1760,-1762,-1763,-1765,-1766,-1768,-1769,-1771,-1772,-1774,-1776,-1777,-1779,-1780,-1782,-1783,-1785,-1787,-1788,-1790,-1791,-1793,-1794,-1796,-1797,-1799,-1801,-1802,-1804,-1805,-1807,-1808,-1810,-1812,-1813,-1815,-1816,-1818,-1819,-1821,-1822,-1824,-1826,-1827,-1829,-1830,-1832,-1833,-1835,-1836,-1838,-1840,-1841,-1843,-1844,-1846,-1847,-1849,-1851,-1852,-1854,-1855,-1857,-1858,-1860,-1861,-1863,-1865,-1866,-1868,-1869,-1871,-1872,-1874,-1876,-1877,-1879,-1880,-1882,-1883,-1885,-1886,-1888,-1890,-1891,-1893,-1894,-1896,-1897,-1899,-1900,-1902,-1904,-1905,-1907,-1908,-1910,-1911,-1913,-1915,-1916,-1918,-1919,-1921,-1922,-1924,-1925,-1927,-1929,-1930,-1932,-1933,-1935,-1936,-1938,-1939,-1941,-1943,-1944,-1946,-1947,-1949,-1950,-1952,-1954,-1955,-1957,-1958,-1960,-1961,-1963,-1964,-1966,-1968,-1969,-1971,-1972,-1974,-1975,-1977,-1978,-1980,-1982,-1983,-1985,-1986,-1988,-1989,-1991,-1992,-1994,-1996,-1997,-1999,-2000,-2002,-2003,-2005,-2007,-2008,-2010,-2011,-2013,-2014,-2016,-2017,-2019,-2021,-2022,-2024,-2025,-2027,-2028,-2030,-2031,-2033,-2035,-2036,-2038,-2039,-2041,-2042,-2044,-2045,-2047,-2049,-2050,-2052,-2053,-2055,-2056,-2058,-2060,-2061,-2063,-2064,-2066,-2067,-2069,-2070,-2072,-2074,-2075,-2077,-2078,-2080,-2081,-2083,-2084,-2086,-2088,-2089,-2091,-2092,-2094,-2095,-2097,-2098,-2100,-2102,-2103,-2105,-2106,-2108,-2109,-2111,-2112,-2114,-2116,-2117,-2119,-2120,-2122,-2123,-2125,-2126,-2128,-2130,-2131,-2133,-2134,-2136,-2137,-2139,-2141,-2142,-2144,-2145,-2147,-2148,-2150,-2151,-2153,-2155,-2156,-2158,-2159,-2161,-2162,-2164,-2165,-2167,-2169,-2170,-2172,-2173,-2175,-2176,-2178,-2179,-2181,-2183,-2184,-2186,-2187,-2189,-2190,-2192,-2193,-2195,-2197,-2198,-2200,-2201,-2203,-2204,-2206,-2207,-2209,-2211,-2212,-2214,-2215,-2217,-2218,-2220,-2221,-2223,-2225,-2226,-2228,-2229,-2231,-2232,-2234,-2235,-2237,-2239,-2240,-2242,-2243,-2245,-2246,-2248,-2249,-2251,-2253,-2254,-2256,-2257,-2259,-2260,-2262,-2263,-2265,-2267,-2268,-2270,-2271,-2273,-2274,-2276,-2277,-2279,-2281,-2282,-2284,-2285,-2287,-2288,-2290,-2291,-2293,-2295,-2296,-2298,-2299,-2301,-2302,-2304,-2305,-2307,-2309,-2310,-2312,-2313,-2315,-2316,-2318,-2319,-2321,-2323,-2324,-2326,-2327,-2329,-2330,-2332,-2333,-2335,-2337,-2338,-2340,-2341,-2343,-2344,-2346,-2347,-2349,-2351,-2352,-2354,-2355,-2357,-2358,-2360,-2361,-2363,-2365,-2366,-2368,-2369,-2371,-2372,-2374,-2375,-2377,-2379,-2380,-2382,-2383,-2385,-2386,-2388,-2389,-2391,-2393,-2394,-2396,-2397,-2399,-2400,-2402,-2403,-2405,-2406,-2408,-2410,-2411,-2413,-2414,-2416,-2417,-2419,-2420,-2422,-2424,-2425,-2427,-2428,-2430,-2431,-2433,-2434,-2436,-2438,-2439,-2441,-2442,-2444,-2445,-2447,-2448,-2450,-2452,-2453,-2455,-2456,-2458,-2459,-2461,-2462,-2464,-2466,-2467,-2469,-2470,-2472,-2473,-2475,-2476,-2478,-2479,-2481,-2483,-2484,-2486,-2487,-2489,-2490,-2492,-2493,-2495,-2497,-2498,-2500,-2501,-2503,-2504,-2506,-2507,-2509,-2511,-2512,-2514,-2515,-2517,-2518,-2520,-2521,-2523,-2525,-2526,-2528,-2529,-2531,-2532,-2534,-2535,-2537,-2538,-2540,-2542,-2543,-2545,-2546,-2548,-2549,-2551,-2552,-2554,-2556,-2557,-2559,-2560,-2562,-2563,-2565,-2566,-2568,-2570,-2571,-2573,-2574,-2576,-2577,-2579,-2580,-2582,-2583,-2585,-2587,-2588,-2590,-2591,-2593,-2594,-2596,-2597,-2599,-2601,-2602,-2604,-2605,-2607,-2608,-2610,-2611,-2613,-2614,-2616,-2618,-2619,-2621,-2622,-2624,-2625,-2627,-2628,-2630,-2632,-2633,-2635,-2636,-2638,-2639,-2641,-2642,-2644,-2645,-2647,-2649,-2650,-2652,-2653,-2655,-2656,-2658,-2659,-2661,-2663,-2664,-2666,-2667,-2669,-2670,-2672,-2673,-2675,-2676,-2678,-2680,-2681,-2683,-2684,-2686,-2687,-2689,-2690,-2692,-2694,-2695,-2697,-2698,-2700,-2701,-2703,-2704,-2706,-2707,-2709,-2711,-2712,-2714,-2715,-2717,-2718,-2720,-2721,-2723,-2725,-2726,-2728,-2729,-2731,-2732,-2734,-2735,-2737,-2738,-2740,-2742,-2743,-2745,-2746,-2748,-2749,-2751,-2752,-2754,-2755,-2757,-2759,-2760,-2762,-2763,-2765,-2766,-2768,-2769,-2771,-2773,-2774,-2776,-2777,-2779,-2780,-2782,-2783,-2785,-2786,-2788,-2790,-2791,-2793,-2794,-2796,-2797,-2799,-2800,-2802,-2803,-2805,-2807,-2808,-2810,-2811,-2813,-2814,-2816,-2817,-2819,-2820,-2822,-2824,-2825,-2827,-2828,-2830,-2831,-2833,-2834,-2836,-2838,-2839,-2841,-2842,-2844,-2845,-2847,-2848,-2850,-2851,-2853,-2855,-2856,-2858,-2859,-2861,-2862,-2864,-2865,-2867,-2868,-2870,-2872,-2873,-2875,-2876,-2878,-2879,-2881,-2882,-2884,-2885,-2887,-2889,-2890,-2892,-2893,-2895,-2896,-2898,-2899,-2901,-2902,-2904,-2906,-2907,-2909,-2910,-2912,-2913,-2915,-2916,-2918,-2919,-2921,-2923,-2924,-2926,-2927,-2929,-2930,-2932,-2933,-2935,-2936,-2938,-2940,-2941,-2943,-2944,-2946,-2947,-2949,-2950,-2952,-2953,-2955,-2957,-2958,-2960,-2961,-2963,-2964,-2966,-2967,-2969,-2970,-2972,-2974,-2975,-2977,-2978,-2980,-2981,-2983,-2984,-2986,-2987,-2989,-2991,-2992,-2994,-2995,-2997,-2998,-3000,-3001,-3003,-3004,-3006,-3008,-3009,-3011,-3012,-3014,-3015,-3017,-3018,-3020,-3021,-3023,-3024,-3026,-3028,-3029,-3031,-3032,-3034,-3035,-3037,-3038,-3040,-3041,-3043,-3045,-3046,-3048,-3049,-3051,-3052,-3054,-3055,-3057,-3058,-3060,-3062,-3063,-3065,-3066,-3068,-3069,-3071,-3072,-3074,-3075,-3077,-3079,-3080,-3082,-3083,-3085,-3086,-3088,-3089,-3091,-3092,-3094,-3095,-3097,-3099,-3100,-3102,-3103,-3105,-3106,-3108,-3109,-3111,-3112,-3114,-3116,-3117,-3119,-3120,-3122,-3123,-3125,-3126,-3128,-3129,-3131,-3132,-3134,-3136,-3137,-3139,-3140,-3142,-3143,-3145,-3146,-3148,-3149,-3151,-3153,-3154,-3156,-3157,-3159,-3160,-3162,-3163,-3165,-3166,-3168,-3169,-3171,-3173,-3174,-3176,-3177,-3179,-3180,-3182,-3183,-3185,-3186,-3188,-3190,-3191,-3193,-3194,-3196,-3197,-3199,-3200,-3202,-3203,-3205,-3206,-3208,-3210,-3211,-3213,-3214,-3216,-3217,-3219,-3220,-3222,-3223,-3225,-3226,-3228,-3230,-3231,-3233,-3234,-3236,-3237,-3239,-3240,-3242,-3243,-3245,-3246,-3248,-3250,-3251,-3253,-3254,-3256,-3257,-3259,-3260,-3262,-3263,-3265,-3266,-3268,-3270,-3271,-3273,-3274,-3276,-3277,-3279,-3280,-3282,-3283,-3285,-3287,-3288,-3290,-3291,-3293,-3294,-3296,-3297,-3299,-3300,-3302,-3303,-3305,-3307,-3308,-3310,-3311,-3313,-3314,-3316,-3317,-3319,-3320,-3322,-3323,-3325,-3327,-3328,-3330,-3331,-3333,-3334,-3336,-3337,-3339,-3340,-3342,-3343,-3345,-3346,-3348,-3350,-3351,-3353,-3354,-3356,-3357,-3359,-3360,-3362,-3363,-3365,-3366,-3368,-3370,-3371,-3373,-3374,-3376,-3377,-3379,-3380,-3382,-3383,-3385,-3386,-3388,-3390,-3391,-3393,-3394,-3396,-3397,-3399,-3400,-3402,-3403,-3405,-3406,-3408,-3410,-3411,-3413,-3414,-3416,-3417,-3419,-3420,-3422,-3423,-3425,-3426,-3428,-3429,-3431,-3433,-3434,-3436,-3437,-3439,-3440,-3442,-3443,-3445,-3446,-3448,-3449,-3451,-3453,-3454,-3456,-3457,-3459,-3460,-3462,-3463,-3465,-3466,-3468,-3469,-3471,-3472,-3474,-3476,-3477,-3479,-3480,-3482,-3483,-3485,-3486,-3488,-3489,-3491,-3492,-3494,-3495,-3497,-3499,-3500,-3502,-3503,-3505,-3506,-3508,-3509,-3511,-3512,-3514,-3515,-3517,-3519,-3520,-3522,-3523,-3525,-3526,-3528,-3529,-3531,-3532,-3534,-3535,-3537,-3538,-3540,-3542,-3543,-3545,-3546,-3548,-3549,-3551,-3552,-3554,-3555,-3557,-3558,-3560,-3561,-3563,-3565,-3566,-3568,-3569,-3571,-3572,-3574,-3575,-3577,-3578,-3580,-3581,-3583,-3584,-3586,-3588,-3589,-3591,-3592,-3594,-3595,-3597,-3598,-3600,-3601,-3603,-3604,-3606,-3607,-3609,-3610,-3612,-3614,-3615,-3617,-3618,-3620,-3621,-3623,-3624,-3626,-3627,-3629,-3630,-3632,-3633,-3635,-3637,-3638,-3640,-3641,-3643,-3644,-3646,-3647,-3649,-3650,-3652,-3653,-3655,-3656,-3658,-3659,-3661,-3663,-3664,-3666,-3667,-3669,-3670,-3672,-3673,-3675,-3676,-3678,-3679,-3681,-3682,-3684,-3686,-3687,-3689,-3690,-3692,-3693,-3695,-3696,-3698,-3699,-3701,-3702,-3704,-3705,-3707,-3708,-3710,-3712,-3713,-3715,-3716,-3718,-3719,-3721,-3722,-3724,-3725,-3727,-3728,-3730,-3731,-3733,-3734,-3736,-3738,-3739,-3741,-3742,-3744,-3745,-3747,-3748,-3750,-3751,-3753,-3754,-3756,-3757,-3759,-3760,-3762,-3764,-3765,-3767,-3768,-3770,-3771,-3773,-3774,-3776,-3777,-3779,-3780,-3782,-3783,-3785,-3786,-3788,-3790,-3791,-3793,-3794,-3796,-3797,-3799,-3800,-3802,-3803,-3805,-3806,-3808,-3809,-3811,-3812,-3814,-3815,-3817,-3819,-3820,-3822,-3823,-3825,-3826,-3828,-3829,-3831,-3832,-3834,-3835,-3837,-3838,-3840,-3841,-3843,-3844,-3846,-3848,-3849,-3851,-3852,-3854,-3855,-3857,-3858,-3860,-3861,-3863,-3864,-3866,-3867,-3869,-3870,-3872,-3874,-3875,-3877,-3878,-3880,-3881,-3883,-3884,-3886,-3887,-3889,-3890,-3892,-3893,-3895,-3896,-3898,-3899,-3901,-3902,-3904,-3906,-3907,-3909,-3910,-3912,-3913,-3915,-3916,-3918,-3919,-3921,-3922,-3924,-3925,-3927,-3928,-3930,-3931,-3933,-3935,-3936,-3938,-3939,-3941,-3942,-3944,-3945,-3947,-3948,-3950,-3951,-3953,-3954,-3956,-3957,-3959,-3960,-3962,-3963,-3965,-3967,-3968,-3970,-3971,-3973,-3974,-3976,-3977,-3979,-3980,-3982,-3983,-3985,-3986,-3988,-3989,-3991,-3992,-3994,-3995,-3997,-3999,-4000,-4002,-4003,-4005,-4006,-4008,-4009,-4011,-4012,-4014,-4015,-4017,-4018,-4020,-4021,-4023,-4024,-4026,-4027,-4029,-4031,-4032,-4034,-4035,-4037,-4038,-4040,-4041,-4043,-4044,-4046,-4047,-4049,-4050,-4052,-4053,-4055,-4056,-4058,-4059,-4061,-4062,-4064,-4066,-4067,-4069,-4070,-4072,-4073,-4075,-4076,-4078,-4079,-4081,-4082,-4084,-4085,-4087,-408
      |                             ^
ninja: build stopped: subcommand failed.
